-- MariaDB dump 10.19-11.1.2-MariaDB, for Linux (x86_64)
--
-- Host: 127.0.0.1    Database: Libman
-- ------------------------------------------------------
-- Server version	11.1.2-MariaDB-debug

/*!40101 SET @OLD_CHARACTER_SET_CLIENT=@@CHARACTER_SET_CLIENT */;
/*!40101 SET @OLD_CHARACTER_SET_RESULTS=@@CHARACTER_SET_RESULTS */;
/*!40101 SET @OLD_COLLATION_CONNECTION=@@COLLATION_CONNECTION */;
/*!40101 SET NAMES utf8mb4 */;
/*!40103 SET @OLD_TIME_ZONE=@@TIME_ZONE */;
/*!40103 SET TIME_ZONE='+00:00' */;
/*!40014 SET @OLD_UNIQUE_CHECKS=@@UNIQUE_CHECKS, UNIQUE_CHECKS=0 */;
/*!40014 SET @OLD_FOREIGN_KEY_CHECKS=@@FOREIGN_KEY_CHECKS, FOREIGN_KEY_CHECKS=0 */;
/*!40101 SET @OLD_SQL_MODE=@@SQL_MODE, SQL_MODE='NO_AUTO_VALUE_ON_ZERO' */;
/*!40111 SET @OLD_SQL_NOTES=@@SQL_NOTES, SQL_NOTES=0 */;

--
-- Table structure for table `books`
--

DROP TABLE IF EXISTS `books`;
/*!40101 SET @saved_cs_client     = @@character_set_client */;
/*!40101 SET character_set_client = utf8 */;
CREATE TABLE `books` (
  `id` int(11) NOT NULL,
  `page_count` int(11) DEFAULT NULL,
  `isbn` varchar(13) DEFAULT NULL,
  PRIMARY KEY (`id`),
  CONSTRAINT `books_ibfk_1` FOREIGN KEY (`id`) REFERENCES `materials` (`id`) ON DELETE CASCADE
) ENGINE=InnoDB DEFAULT CHARSET=utf8mb4 COLLATE=utf8mb4_unicode_ci;
/*!40101 SET character_set_client = @saved_cs_client */;

--
-- Dumping data for table `books`
--

LOCK TABLES `books` WRITE;
/*!40000 ALTER TABLE `books` DISABLE KEYS */;
INSERT INTO `books` VALUES
(1,0,'0553571338'),
(2,0,'9780547370224'),
(3,0,'9780330461931'),
(4,0,'1234'),
(5,0,'4214'),
(6,0,'9780062316103'),
(8,0,'9780847908295'),
(9,0,'123'),
(10,0,'9781101137185'),
(11,0,'9781519417329'),
(12,0,'68778'),
(13,0,'9786043237092'),
(14,0,'9781350295698'),
(15,0,'6767'),
(16,0,'9781630266257'),
(17,0,'9781101528914'),
(18,0,'9781610445627'),
(19,0,'9780545229937'),
(20,0,'9780553896923'),
(21,0,'9780385528863'),
(22,0,'9780823940080'),
(23,0,'9781849946858'),
(24,0,'9780571374632'),
(25,0,'9780553447446'),
(26,0,'9780374714093'),
(27,0,'123'),
(28,0,'9780307962126'),
(29,0,'9781400075508'),
(30,0,'9781526634054'),
(31,0,'9781529014587'),
(32,0,'9781473537804'),
(33,0,'9780141918921'),
(34,0,'9780393609295'),
(35,0,'9780553896923'),
(36,0,'9780759521049'),
(37,0,'9781451621716'),
(38,0,'9786041139411'),
(39,0,'9781408841310'),
(40,0,'9781447343165'),
(41,0,'9781529924503'),
(42,0,'9786047773138'),
(43,0,'9780847698653'),
(44,0,'9781529074550'),
(45,0,'9780712602730'),
(46,0,'9780593418932'),
(47,0,'9781649374080'),
(48,0,'9780349437040'),
(49,0,'9780593446102'),
(50,0,'9780241608388'),
(51,0,'9781804710449'),
(52,0,'9780751585568'),
(53,0,'9781035009404'),
(54,0,'9781399730556'),
(55,0,'9781771644747'),
(56,0,'9781529916829'),
(57,0,'9780593685280'),
(58,0,'9781639730988'),
(59,0,'9786047773138');
/*!40000 ALTER TABLE `books` ENABLE KEYS */;
UNLOCK TABLES;

--
-- Table structure for table `loans`
--

DROP TABLE IF EXISTS `loans`;
/*!40101 SET @saved_cs_client     = @@character_set_client */;
/*!40101 SET character_set_client = utf8 */;
CREATE TABLE `loans` (
  `id` int(11) NOT NULL AUTO_INCREMENT,
  `material_id` int(11) DEFAULT NULL,
  `user_id` int(11) DEFAULT NULL,
  `borrow_date` date NOT NULL,
  `due_date` date NOT NULL,
  `return_date` date DEFAULT NULL,
  PRIMARY KEY (`id`),
  KEY `material_id` (`material_id`),
  KEY `user_id` (`user_id`),
  CONSTRAINT `loans_ibfk_1` FOREIGN KEY (`material_id`) REFERENCES `materials` (`id`),
  CONSTRAINT `loans_ibfk_2` FOREIGN KEY (`user_id`) REFERENCES `users` (`id`)
) ENGINE=InnoDB AUTO_INCREMENT=97 DEFAULT CHARSET=utf8mb4 COLLATE=utf8mb4_unicode_ci;
/*!40101 SET character_set_client = @saved_cs_client */;

--
-- Dumping data for table `loans`
--

LOCK TABLES `loans` WRITE;
/*!40000 ALTER TABLE `loans` DISABLE KEYS */;
INSERT INTO `loans` VALUES
(1,1,2,'2024-11-02','2024-11-26',NULL),
(2,2,5,'2024-11-02','2024-11-26',NULL),
(3,3,8,'2024-11-02','2024-11-26','2024-11-19'),
(4,4,9,'2024-11-01','2024-11-26','2024-11-15'),
(5,5,11,'2024-11-02','2024-11-26',NULL),
(6,45,15,'2024-11-02','2024-11-26',NULL),
(7,10,6,'2024-11-01','2024-11-26','2024-11-12'),
(8,21,6,'2024-11-02','2024-11-26',NULL),
(9,30,6,'2024-11-02','2024-11-26',NULL),
(10,25,6,'2024-11-02','2024-11-26',NULL),
(11,44,10,'2024-11-06','2024-11-26','2024-11-13'),
(12,32,10,'2024-11-02','2024-11-26',NULL),
(13,6,10,'2024-11-02','2024-11-26',NULL),
(14,36,10,'2024-11-02','2024-11-26',NULL),
(15,49,12,'2024-11-02','2024-12-03','2024-11-19'),
(16,49,15,'2024-11-01','2024-12-13','2024-11-12'),
(17,49,23,'2024-11-02','2024-12-03',NULL),
(18,49,11,'2024-11-02','2024-12-03',NULL),
(19,49,12,'2024-11-07','2024-12-03','2024-11-16'),
(20,49,12,'2024-11-02','2024-12-03',NULL),
(21,49,26,'2024-11-01','2024-12-03','2024-11-16'),
(22,49,19,'2024-11-02','2024-12-03',NULL),
(23,49,22,'2024-11-02','2024-12-03',NULL),
(24,50,12,'2024-11-02','2024-12-03',NULL),
(25,50,15,'2024-11-02','2024-12-03',NULL),
(26,50,13,'2024-11-02','2024-12-03','2024-11-17'),
(27,50,16,'2024-11-02','2024-12-03',NULL),
(28,50,17,'2024-11-02','2024-12-03',NULL),
(29,50,23,'2024-11-02','2024-12-03',NULL),
(30,50,25,'2024-11-02','2024-12-03',NULL),
(31,50,5,'2024-11-02','2024-12-03',NULL),
(32,50,6,'2024-11-02','2024-12-03',NULL),
(33,51,5,'2024-11-02','2024-12-03',NULL),
(34,51,7,'2024-11-02','2024-12-03',NULL),
(35,51,9,'2024-11-02','2024-12-03',NULL),
(36,51,11,'2024-11-02','2024-12-03',NULL),
(37,51,12,'2024-11-02','2024-12-03',NULL),
(38,51,15,'2024-11-02','2024-12-03',NULL),
(39,51,17,'2024-11-02','2024-12-03',NULL),
(40,51,19,'2024-11-02','2024-12-03',NULL),
(41,52,14,'2024-11-02','2024-12-03',NULL),
(42,52,5,'2024-11-02','2024-12-03',NULL),
(43,52,6,'2024-11-02','2024-12-03',NULL),
(44,52,7,'2024-11-02','2024-12-03',NULL),
(45,52,12,'2024-11-02','2024-12-03',NULL),
(46,52,15,'2024-11-02','2024-12-03',NULL),
(47,52,4,'2024-11-02','2024-12-03',NULL),
(48,52,3,'2024-11-02','2024-12-03',NULL),
(49,52,22,'2024-11-02','2024-12-03',NULL),
(50,54,12,'2024-11-02','2024-12-03',NULL),
(51,54,11,'2024-11-02','2024-12-03',NULL),
(52,54,15,'2024-11-02','2024-12-03',NULL),
(53,54,16,'2024-11-02','2024-12-03',NULL),
(54,54,20,'2024-11-02','2024-12-03',NULL),
(55,54,21,'2024-11-02','2024-12-03',NULL),
(56,54,22,'2024-11-02','2024-12-03',NULL),
(57,54,23,'2024-11-02','2024-12-03',NULL),
(58,54,24,'2024-11-02','2024-12-03',NULL),
(59,53,12,'2024-11-02','2024-12-03',NULL),
(60,53,11,'2024-11-02','2024-12-03',NULL),
(61,53,13,'2024-11-02','2024-12-03','2024-11-19'),
(62,53,15,'2024-11-02','2024-12-03',NULL),
(63,53,16,'2024-11-02','2024-12-03',NULL),
(64,53,17,'2024-11-02','2024-12-03',NULL),
(65,53,22,'2024-11-02','2024-12-03',NULL),
(66,53,24,'2024-11-02','2024-12-03',NULL),
(67,48,14,'2024-11-02','2024-12-03',NULL),
(68,48,12,'2024-11-02','2024-12-03',NULL),
(69,47,2,'2024-11-02','2024-12-03',NULL),
(70,47,3,'2024-11-02','2024-12-03',NULL),
(71,47,5,'2024-11-02','2024-12-03',NULL),
(72,47,6,'2024-11-02','2024-11-14',NULL),
(73,21,7,'2024-11-02','2024-11-15',NULL),
(74,20,12,'2024-11-02','2024-11-16',NULL),
(75,26,16,'2024-11-02','2024-11-15','2024-11-19'),
(76,32,8,'2024-11-02','2024-11-16',NULL),
(77,33,11,'2024-11-02','2024-11-18',NULL),
(78,36,12,'2024-11-14','2024-12-03',NULL),
(79,31,5,'2024-11-12','2024-12-03',NULL),
(80,37,5,'2024-11-15','2024-12-03','2024-11-19'),
(81,29,24,'2024-11-13','2024-12-03',NULL),
(82,11,19,'2024-11-17','2024-12-03','2024-11-19'),
(83,15,16,'2024-11-18','2024-12-03',NULL),
(84,14,13,'2024-11-15','2024-12-03',NULL),
(85,39,21,'2024-11-14','2024-12-03','2024-11-15'),
(86,45,24,'2024-11-16','2024-12-03',NULL),
(87,5,9,'2024-11-02','2024-12-03',NULL),
(88,6,9,'2024-11-02','2024-11-26',NULL),
(89,47,13,'2024-11-02','2024-11-26',NULL),
(90,52,13,'2024-11-02','2024-12-10',NULL),
(91,47,21,'2024-11-02','2024-12-10',NULL),
(92,13,3,'2024-11-23','2024-12-07',NULL),
(93,22,6,'2024-11-23','2024-12-07',NULL),
(94,1,12,'2024-11-23','2024-12-07',NULL),
(95,5,23,'2024-11-23','2024-12-07',NULL),
(96,5,25,'2024-11-23','2024-12-07',NULL);
/*!40000 ALTER TABLE `loans` ENABLE KEYS */;
UNLOCK TABLES;

--
-- Table structure for table `magazines`
--

DROP TABLE IF EXISTS `magazines`;
/*!40101 SET @saved_cs_client     = @@character_set_client */;
/*!40101 SET character_set_client = utf8 */;
CREATE TABLE `magazines` (
  `id` int(11) NOT NULL,
  `issueNumber` int(11) DEFAULT NULL,
  `currentIssue` int(11) DEFAULT NULL,
  `issn` varchar(8) DEFAULT NULL,
  PRIMARY KEY (`id`),
  CONSTRAINT `magazines_ibfk_1` FOREIGN KEY (`id`) REFERENCES `materials` (`id`) ON DELETE CASCADE
) ENGINE=InnoDB DEFAULT CHARSET=utf8mb4 COLLATE=utf8mb4_unicode_ci;
/*!40101 SET character_set_client = @saved_cs_client */;

--
-- Dumping data for table `magazines`
--

LOCK TABLES `magazines` WRITE;
/*!40000 ALTER TABLE `magazines` DISABLE KEYS */;
/*!40000 ALTER TABLE `magazines` ENABLE KEYS */;
UNLOCK TABLES;

--
-- Table structure for table `materials`
--

DROP TABLE IF EXISTS `materials`;
/*!40101 SET @saved_cs_client     = @@character_set_client */;
/*!40101 SET character_set_client = utf8 */;
CREATE TABLE `materials` (
  `id` int(11) NOT NULL AUTO_INCREMENT,
  `title` varchar(255) NOT NULL,
  `author` varchar(255) DEFAULT NULL,
  `isbn` varchar(13) DEFAULT NULL,
  `type` enum('Book','Magazine') NOT NULL,
  `is_available` tinyint(1) DEFAULT 1,
  `publisher` varchar(255) DEFAULT NULL,
  `description` text DEFAULT NULL,
  `quantity` int(11) DEFAULT 0,
  `available_quantity` int(11) DEFAULT 0,
  `added_date` date DEFAULT NULL,
  `cover_image_url` varchar(255) DEFAULT NULL,
  PRIMARY KEY (`id`),
  UNIQUE KEY `isbn` (`isbn`)
) ENGINE=InnoDB AUTO_INCREMENT=62 DEFAULT CHARSET=utf8mb4 COLLATE=utf8mb4_unicode_ci;
/*!40101 SET character_set_client = @saved_cs_client */;

--
-- Dumping data for table `materials`
--

LOCK TABLES `materials` WRITE;
/*!40000 ALTER TABLE `materials` DISABLE KEYS */;
INSERT INTO `materials` VALUES
(1,'The Giver','Lois Lowry',NULL,'Book',1,'Houghton Mifflin','At the age of twelve, Jonas, a young boy from a seemingly utopian, futuristic world, is singled out to receive special training from The Giver, who alone holds the memories of the true joys and pain of life.',50,49,'2024-11-19','https://upload.wikimedia.org/wikipedia/en/7/7b/The_Giver_first_edition_1993.jpg'),
(2,'Animal Farm','George Orwell',NULL,'Book',1,'HarperCollins','The animals of Manor Farm have revolted and taken over. Upon the death of Old Major, pigs Snowball and Napoleon lead a revolt against Mr. Jones, driving him from the farm. The animals embrace the Seven Commandments of Animalism and life carries on, but they learn that a farm ruled by animals looks more human than ever.',50,50,'2024-11-19','https://upload.wikimedia.org/wikipedia/commons/f/fb/Animal_Farm_-_1st_edition.jpg'),
(3,'Kane and Abel','Jeffrey Archer',NULL,'Book',1,'Pan Macmillan','Jeffrey Archer\'s thrilling historical fiction novel, Kane and Abel, is a global phenomenon that has captivated readers worldwide, spawning two sequels and dominating bestseller charts the world over. Two strangers born worlds apart with one destiny that will define them both. William Lowell Kane, the son of a Boston millionaire, and Abel Rosnovski, the son of a penniless Polish immigrant, are born on the same day on opposite sides of the world and brought together by fate and the quest of a dream. Locked in a relentless struggle spanning sixty years and three generations, the two men battle for supremacy in pursuit of an empire, fuelled only by their hatred for the other and the knowledge it will end in triumph for one, and destruction of the other . . . ‘If there were a Nobel Prize for storytelling, Archer would win’ - The Daily Telegraph',50,50,'2024-11-19','https://s.thangqt.com/proxy?i=https%3A%2F%2Fimages-na.ssl-images-amazon.com%2Fimages%2FS%2Fcompressed.photo.goodreads.com%2Fbooks%2F1388965561i%2F78983.jpg'),
(4,'Còn chút gì để nhớ','Nguyễn Nhật Ánh',NULL,'Book',1,'Nha xuat ban tre','Đó là những kỷ niệm thời đi học của Chương, lúc mới bước chân vào Sài Gòn và làm quen với cuộc sống đô thị. Là những mối quan hệ bạn bè tưởng chừng hời hợt thoảng qua nhưng gắn bó suốt cuộc đời. Cuộc sống đầy biến động đã xô dạt mỗi người mỗi nơi, nhưng trải qua hàng mấy chục năm, những kỷ niệm ấy vẫn luôn níu kéo Chương về với một thời để nhớ.',50,50,'2024-11-19','https://images-na.ssl-images-amazon.com/images/S/compressed.photo.goodreads.com/books/1587789572i/10419181.jpg'),
(5,'Cô gái đến từ hôm qua','Nguyễn Nhật Ánh',NULL,'Book',1,'Nha xuat ban tre','Nếu ngày xưa còn bé, Thư luôn tự hào mình là cậu con trai thông minh có quyền bắt nạt và sai khiến các cô bé cùng lứa tuổi thì giờ đây khi lớn lên, anh luôn khổ sở khi thấy mình ngu ngơ và bị con gái “xỏ mũi”. Trong khi ngày bé anh luôn có thể khiến Tiểu Li, con bé hàng xóm ngốc nghếch, hứng chịu những trò nghịch ngợm của mình thì Việt An, cô bạn học thông minh lại đang khiến anh ngày càng bối rối.',50,47,'2024-11-19','https://images-na.ssl-images-amazon.com/images/S/compressed.photo.goodreads.com/books/1632745191i/10428411.jpg'),
(6,'Sapiens: A Brief History of Humankind','Yuval Noah Harari',NULL,'Book',1,'Harper Collins','New York Times Readers’ Pick: Top 100 Books of the 21st Century New York Times Bestseller A Summer Reading Pick for President Barack Obama, Bill Gates, and Mark Zuckerberg From a renowned historian comes a groundbreaking narrative of humanity’s creation and evolution—a #1 international bestseller—that explores the ways in which biology and history have defined us and enhanced our understanding of what it means to be “human.” One hundred thousand years ago, at least six different species of humans inhabited Earth. Yet today there is only one—homo sapiens. What happened to the others? And what may happen to us? Most books about the history of humanity pursue either a historical or a biological approach, but Dr. Yuval Noah Harari breaks the mold with this highly original book that begins about 70,000 years ago with the appearance of modern cognition. From examining the role evolving humans have played in the global ecosystem to charting the rise of empires, Sapiens integrates history and science to reconsider accepted narratives, connect past developments with contemporary concerns, and examine specific events within the context of larger ideas. Dr. Harari also compels us to look ahead, because over the last few decades humans have begun to bend laws of natural selection that have governed life for the past four billion years. We are acquiring the ability to design not only the world around us, but also ourselves. Where is this leading us, and what do we want to become? Featuring 27 photographs, 6 maps, and 25 illustrations/diagrams, this provocative and insightful work is sure to spark debate and is essential reading for aficionados of Jared Diamond, James Gleick, Matt Ridley, Robert Wright, and Sharon Moalem.',50,49,'2024-11-19','https://s.thangqt.com/proxy?i=https%3A%2F%2Fd30a6s96kk7rhm.cloudfront.net%2Foriginal%2Freadings%2F978%2F009%2F959%2F9780099590088.jpg'),
(8,'Crime and Punishment','Fyodor Dostoyevsky',NULL,'Book',1,'Unknown','Raskolnikov, a destitute and desperate former student, wanders through the slums of St Petersburg and commits a random murder without remorse or regret. He imagines himself to be a great man, a Napoleon: acting for a higher purpose beyond conventional moral law. But as he embarks on a dangerous game of cat and mouse with a suspicious police investigator, Raskolnikov is pursued by the growing voice of his conscience and finds the noose of his own guilt tightening around his neck. Only Sonya, a downtrodden sex worker, can offer the chance of redemption.',50,50,'2024-11-19','https://images-na.ssl-images-amazon.com/images/S/compressed.photo.goodreads.com/books/1382846449i/7144.jpg'),
(9,'1984','George Orwell',NULL,'Book',1,'Unknown','A masterpiece of rebellion and imprisonment where war is peace freedom is slavery and Big Brother is watching. Thought Police, Big Brother, Orwellian - these words have entered our vocabulary because of George Orwell\'s classic dystopian novel 1984. The story of one man\'s Nightmare Odyssey as he pursues a forbidden love affair through a world ruled by warring states and a power structure that controls not only information but also individual thought and memory 1984 is a prophetic haunting tale More relevant than ever before 1984 exposes the worst crimes imaginable the destruction of truth freedom and individuality. With a foreword by Thomas Pynchon. This beautiful paperback edition features deckled edges and french flaps a perfect gift for any occasion',50,50,'2024-11-19','https://upload.wikimedia.org/wikipedia/en/5/51/1984_first_edition_cover.jpg'),
(10,'The Fountainhead','Ayn Rand',NULL,'Book',1,'Penguin','The revolutionary literary vision that sowed the seeds of Objectivism, Ayn Rand\'s groundbreaking philosophy, and brought her immediate worldwide acclaim. This modern classic is the story of intransigent young architect Howard Roark, whose integrity was as unyielding as granite...of Dominique Francon, the exquisitely beautiful woman who loved Roark passionately, but married his worst enemy...and of the fanatic denunciation unleashed by an enraged society against a great creator. As fresh today as it was then, Rand’s provocative novel presents one of the most challenging ideas in all of fiction—that man’s ego is the fountainhead of human progress... “A writer of great power. She has a subtle and ingenious mind and the capacity of writing brilliantly, beautifully, bitterly...This is the only novel of ideas written by an American woman that I can recall.”—The New York Times',50,50,'2024-11-19','https://images-na.ssl-images-amazon.com/images/S/compressed.photo.goodreads.com/books/1491163636i/2122.jpg'),
(11,'War and Peace','Count Leo Tolstoy',NULL,'Book',1,'Createspace Independent Publishing Platform','Epic historical novel by Leo Tolstoy, originally published as Voyna i mir in 1865-69. This panoramic study of early 19th-century Russian society, noted for its mastery of realistic detail and variety of psychological analysis, is generally regarded as one of the world\'s greatest novels. War and Peace is primarily concerned with the histories of five aristocratic families--particularly the Bezukhovs, the Bolkonskys, and the Rostovs--the members of which are portrayed against a vivid background of Russian social life during the war against Napoleon (1805-14). The theme of war, however, is subordinate to the story of family existence, which involves Tolstoy\'s optimistic belief in the life-asserting pattern of human existence. The novel also sets forth a theory of history, concluding that there is a minimum of free choice; all is ruled by an inexorable historical determinism. Includes unique illustrations.',50,50,'2024-11-19','http://books.google.com/books/content?id=09DljgEACAAJ&printsec=frontcover&img=1&zoom=1&source=gbs_api'),
(12,'Bố Già','Mario Puzo',NULL,'Book',1,'NXB Phương Đông','Giới thiệu về tác phẩm: Thế giới ngầm được phản ánh trong tiểu thuyết Bố già là sự gặp gỡ giữa một bên là ý chí cương cường và nền tảng gia tộc chặt chẽ theo truyền thống mafia xứ Sicily với một bên là xã hội Mỹ nhập nhằng đen trắng, mảnh đất màu mỡ cho những cơ hội làm ăn bất chính hứa hẹn những món lợi kếch xù. Trong thế giới ấy, hình tượng Bố già được tác giả dày công khắc họa đã trở thành bức chân dung bất hủ trong lòng người đọc. Từ một kẻ nhập cư tay trắng đến ông trùm tột đỉnh quyền uy, Don Vito Corleone là con rắn hổ mang thâm trầm, nguy hiểm khiến kẻ thù phải kiềng nể, e dè, nhưng cũng được bạn bè, thân quyến xem như một đấng toàn năng đầy nghĩa khí. Nhân vật trung tâm ấy đồng thời cũng là hiện thân của một pho triết lí rất “đời” được nhào nặn từ vốn sống của hàng chục năm lăn lộn giữa chốn giang hồ bao phen vào sinh ra tử, vì thế mà có ý kiến cho rằng “Bố già là sự tổng hòa của mọi hiểu biết. Bố già là đáp án cho mọi câu hỏi”. Với cấu tứ hoàn hảo, cốt truyện không thiếu những pha hành động gay cấn, tình tiết bất ngờ và không khí kình địch đến nghẹt thở, Bố già xứng đáng là đỉnh cao trong sự nghiệp văn chương của Mario Puzo. Và như một cơ duyên đặc biệt, ngay từ năm 1971-1972, Bố già đã đến với bạn đọc trong nước qua phong cách chuyển ngữ hào sảng, đậm chất giang hồ của dịch giả Ngọc Thứ Lang. Nhận xét về tác phẩm: “Bố già là sự tổng hòa của mọi hiểu biết. Bố già là đáp án cho mọi câu hỏi.” - Diễn viên Tom Hanks “Bạn không thể dừng đọc nó và khó lòng ngừng mơ về nó.” - New York Times Magazine “Một tác phẩm kinh điển về mafia… Tự bản thân nó đã tạo ra một thứ bùa mê hoặc độc giả.” - The Times Mã hàng8936203360608Tên Nhà Cung CấpĐông ATác giảMario PuzoNgười DịchNgọc Thứ LangNXBNXB Văn HọcNăm XB2021Ngôn NgữTiếng ViệtTrọng lượng (gr)650Kích Thước Bao Bì24 x 16 cmSố trang536Hình thứcBìa CứngSản phẩm hiển thị trongĐông A Sản phẩm bán chạy nhấtTop 100 sản phẩm Tiểu thuyết bán chạy của thángGiá sản phẩm trên Fahasa.com đã bao gồm thuế theo luật hiện hành. Bên cạnh đó, tuỳ vào loại sản phẩm, hình thức và địa chỉ giao hàng mà có thể phát sinh thêm chi phí khác như Phụ phí đóng gói, phí vận chuyển, phụ phí hàng cồng kềnh,... Chính sách khuyến mãi trên Fahasa.com không áp dụng cho Hệ thống Nhà sách Fahasa trên toàn quốc Thế giới ngầm được phản ánh trong tiểu thuyết Bố già là sự gặp gỡ giữa một bên là ý chí cương cường và nền tảng gia tộc chặt chẽ theo truyền thống mafia xứ Sicily với một bên là xã hội Mỹ nhập nhằng đen trắng, mảnh đất màu mỡ cho những cơ hội làm ăn bất chính hứa hẹn những món lợi kếch xù. Trong thế giới ấy, hình tượng Bố già được tác giả dày công khắc họa đã trở thành bức chân dung bất hủ trong lòng người đọc. Từ một kẻ nhập cư tay trắng đến ông trùm tột đỉnh quyền uy, Don Vito Corleone là con rắn hổ mang thâm trầm, nguy hiểm khiến kẻ thù phải kiềng nể, e dè, nhưng cũng được bạn bè, thân quyến xem như một đấng toàn năng đầy nghĩa khí. Nhân vật trung tâm ấy đồng thời cũng là hiện thân của một pho triết lí rất “đời” được nhào nặn từ vốn sống của hàng chục năm lăn lộn giữa chốn giang hồ bao phen vào sinh ra tử, vì thế mà có ý kiến cho rằng “Bố già là sự tổng hòa của mọi hiểu biết. Bố già là đáp án cho mọi câu hỏi”. Với cấu tứ hoàn hảo, cốt truyện không thiếu những pha hành động gay cấn, tình tiết bất ngờ và không khí kình địch đến nghẹt thở, Bố già xứng đáng là đỉnh cao trong sự nghiệp văn chương của Mario Puzo. Và như một cơ duyên đặc biệt, ngay từ năm 1971-1972, Bố già đã đến với bạn đọc trong nước qua phong cách chuyển ngữ hào sảng, đậm chất giang hồ của dịch giả Ngọc Thứ Lang. Nhận xét về tác phẩm: “Bố già là sự tổng hòa của mọi hiểu biết. Bố già là đáp án cho mọi câu hỏi.” - Diễn viên Tom Hanks “Bạn không thể dừng đọc nó và khó lòng ngừng mơ về nó.” - New York Times Magazine “Một tác phẩm kinh điển về mafia… Tự bản thân nó đã tạo ra một thứ bùa mê hoặc độc giả.” - The Times',50,50,'2024-11-19','http://books.google.com/books/content?id=jqbNEAAAQBAJ&printsec=frontcover&img=1&zoom=1&edge=curl&source=gbs_api'),
(13,'Kafka bên bờ biển','Haruki Murakami',NULL,'Book',1,'Unknown','Nội dung cuốn sách: Kafka Tamura 15 tuổi bỏ trốn khỏi nhà để thoát khỏi lời nguyền khủng khiếp và người cha đã giáng xuống đầu mình. Ở bên kia quần đảo Nakât một ông già lẩm cẩm cũng quyết định dấn thân. Hai số phận đan xen vào nhau để trở thành một tấm gương phản chiếu lẫn nhau...',50,49,'2024-11-19',''),
(14,'Life of Pi','Yann Martel',NULL,'Book',1,'Bloomsbury Publishing','Winner of the 2022 Olivier Award for Best New Play \"Life of Pi will make you believe in the power of theatre\" (Times). After a cargo ship sinks in the middle of the vast Pacific Ocean, there are five survivors stranded on a lifeboat - a hyena, a zebra, an orangutan, a Royal Bengal tiger, and a sixteen year-old boy named Pi. Time is against them, nature is harsh, who will survive? Based on one of the most extraordinary and best-loved works of fiction - winner of the Man Booker Prize, selling over fifteen million copies worldwide - and featuring breath-taking puppetry and state-of-the-art visuals, Life of Pi is a universally acclaimed, smash hit adaptation of an epic journey of endurance and hope. Adapted by acclaimed playwright Lolita Chakrabarti, this edition was published to coincide with the West End premiere in November 2021.',50,49,'2024-11-19','http://books.google.com/books/content?id=c3JeEAAAQBAJ&printsec=frontcover&img=1&zoom=1&edge=curl&source=gbs_api'),
(15,'Jane Eyre','Charlotte Brontë',NULL,'Book',1,'Unknown','Bronte’s novel about a shy, quiet governess who becomes a tutor in a great house and falls in love with its lonely and mysterious master is one of the great classics of English literature. Unique in its attention to the thoughts and feelings of a female protagonist, Jane Eyre was ahead of its time as a proto-feminist text. When it was published in 1847, however, Bronte was attacked by critics for what they felt was anti-Christian sentiment in her unflinching critique of the oppressions of Victorian society.',50,50,'2024-11-19','http://books.google.com/books/content?id=lSMGAAAAQAAJ&printsec=frontcover&img=1&zoom=1&edge=curl&source=gbs_api'),
(16,'The Hobbit and History','Nancy R. Reagin',NULL,'Book',1,'Turner Publishing Company','What do Gandalf and Merlin have in common, besides robes and magical staffs? Where do hobbits get their recipes, riddles, and love of rambling? What other Rings of Power were circulating in medieval Europe? How did Thorin violate the rules of medieval kingship? You’ll find the answers and more in this book, which explores the magic and creativity behind J.R.R. Tolkien’s bestselling story from a historical perspective. Tolkien was a professor of medieval languages and literature at Oxford University, and he drew on his scholarship—and the homely comforts common in his own day—to build the world of The Hobbit. The Hobbit and History uncovers the parallels between the Middle Ages and the intricate culture of Middle-earth that Tolkien created in The Hobbit, showing how historical cultures provided the models for Tolkien’s characters, foods, riddles, and battle tactics. The book explores how European myths and legends inspired Tolkien’s wizards, dragons, and the monsters he created. Seeing Middle-earth and its peoples against these historical backdrops shines new light on the richness of Tolkien’s world, which is rooted in knowledge of European cultures as deep as the archive that Gandalf explores in Minas Tirith. Filled with fascinating facts and reproductions of Tolkien’s original artwork of Smaug and other aspects of Middle-earth, The Hobbit and History is the missing piece for every book and movie fan and anyone who thought their J.R.R. Tolkien collection was complete.',50,50,'2024-11-19','http://books.google.com/books/content?id=vo7uEAAAQBAJ&printsec=frontcover&img=1&zoom=1&edge=curl&source=gbs_api'),
(17,'Hexed','Ilona Andrews',NULL,'Book',1,'Penguin','Four of the bestselling names in romance and fantasy come together in this collection of thrilling novellas featuring powerful women who know how to handle a hex or two.',50,50,'2024-11-19','http://books.google.com/books/content?id=fhXsNR7-HaYC&printsec=frontcover&img=1&zoom=1&edge=curl&source=gbs_api'),
(18,'Closed Doors, Opportunities Lost','John Yinger',NULL,'Book',1,'Russell Sage Foundation','\"Yinger writes as if four decades of protest and progressive legislation have barely altered the terrain upon which minority Americans struggle for equality. He\'s right....Yinger figures that housing discrimination costs black homebuyers $5.7 billion and Hispanic homebuyers $3.4 billion every three years.\" —Washington Monthly Nearly three decades after the passage of the Fair Housing Act, illegal housing discrimination against blacks and Hispanics remains rampant in the United States. Closed Doors, Opportunities Lost reports on a landmark nationwide investigation of real estate brokers, comparing their treatment of equally qualified white, black, and Hispanic customers. The study reveals pervasive discrimination. Real estate brokers showed 25 percent fewer homes to the minority buyers, and loan agencies were 60 percent more likely to turn down minority applicants. Realtors and lenders also charged higher prices to minority buyers, withheld or gave insufficient financial and application information, and showed them homes only in non-white neighborhoods. Residents of minority neighborhoods faced further difficulties trying to sell their homes or obtain housing credit and homeowner\'s insurance. Economist John Yinger provides a lucid account of these disturbing facts and shows how deeply housing discrimination can affect the living conditions, education, and employment of black and Hispanic Americans. Deprived of residential mobility and discouraged from owning their own homes, many minority families are unable to flee stagnant or unsafe neighborhoods. Two thirds of black and Hispanic children are concentrated in high-poverty schools where educational achievement is low and dropout rates are high. The employment possibilities for minority job-seekers are diminished by the ongoing movement of jobs from the cities to the suburbs, where housing discrimination is particularly severe. Altogether, these effects of housing discrimination create a vicious cycle—discrimination imposes social and economic barriers upon blacks and Hispanics, and the resulting hardships fuel the prejudice that leads whites to associate minorities with neighborhood deterioration. Closed Doors, Opportunities Lost provides a history of fair housing and fair lending enforcement and joins the intense debate about integration policy. Yinger proposes a bold, comprehensive program that aims not only to end discrimination in housing and mortgage markets but to reverse their long-term effects by stabilizing poorer neighborhoods and removing the stigma of integration. He urges reforms to strengthen the enforcement powers of HUD and other agencies, provide funding for poor and integrated schools, encourage local housing and race-counseling programs, and shift income tax breaks toward low-income homebuyers. Closed Doors, Opportunities Lost provides valuable insight into the causes, extent, and consequences of housing discrimination—undeniably one of America\'s most vexing and important problems. This volume speaks directly to the ongoing debate about the nature and causes of poverty and the underclass, civil rights policy, the Community Reinvestment Act, and the plight of our nation\'s cities.',50,50,'2024-11-19','http://books.google.com/books/content?id=fwqGAwAAQBAJ&printsec=frontcover&img=1&zoom=1&edge=curl&source=gbs_api'),
(19,'The Hunger Games (Hunger Games, Book One)','Suzanne Collins',NULL,'Book',1,'Scholastic Inc.','This Special Edition of The Hunger Games includes the most extensive interview Suzanne Collins has given since the publication of The Hunger Games; an absorbing behind-the-scenes look at the creation of the series; and an engaging archival conversation between Suzanne Collins and YA legend Walter Dean Myers on writing about war. The Special Edition answers many questions fans have had over the years, and gives great insight into the creation of this era-defining work. In the ruins of a place once known as North America lies the nation of Panem, a shining Capitol surrounded by twelve outlying districts. The Capitol keeps the districts in line by forcing them all to send one boy and one girl between the ages of twelve and eighteen to participate in the annual Hunger Games, a fight to the death on live TV.Sixteen-year-old Katniss Everdeen regards it as a death sentence when she steps forward to take her sister\'s place in the Games. But Katniss has been close to death before-and survival, for her, is second nature. Still, if she is to win, she will have to start making choices that weigh survival against humanity and life against love.',50,50,'2024-11-19','http://books.google.com/books/content?id=Yz8Fnw0PlEQC&printsec=frontcover&img=1&zoom=1&edge=curl&source=gbs_api'),
(20,'A Brief History of Time','Stephen Hawking',NULL,'Book',1,'Bantam','#1 NEW YORK TIMES BESTSELLER A landmark volume in science writing by one of the great minds of our time, Stephen Hawking’s book explores such profound questions as: How did the universe begin—and what made its start possible? Does time always flow forward? Is the universe unending—or are there boundaries? Are there other dimensions in space? What will happen when it all ends? Told in language we all can understand, A Brief History of Time plunges into the exotic realms of black holes and quarks, of antimatter and “arrows of time,” of the big bang and a bigger God—where the possibilities are wondrous and unexpected. With exciting images and profound imagination, Stephen Hawking brings us closer to the ultimate secrets at the very heart of creation.',50,49,'2024-11-19','http://books.google.com/books/content?id=oZhagX6UWOMC&printsec=frontcover&img=1&zoom=1&edge=curl&source=gbs_api'),
(21,'The Shining','Stephen King',NULL,'Book',1,'Vintage','#1 NEW YORK TIMES BESTSELLER • ONE OF TIME MAGAZINE\'S 100 BEST MYSTERY AND THRILLER BOOKS OF ALL TIME • Before Doctor Sleep, there was The Shining, a classic of modern American horror. Jack Torrance takes a job as the caretaker of the remote Overlook Hotel. As the brutal winter sets in, the hotel\'s dark secrets begin to unravel. “An undisputed master of suspense and terror.” —The Washington Post Jack Torrance’s new job at the Overlook Hotel is the perfect chance for a fresh start. As the off-season caretaker at the atmospheric old hotel, he’ll have plenty of time to spend reconnecting with his family and working on his writing. But as the harsh winter weather sets in, the idyllic location feels ever more remote . . . and more sinister. And the only one to notice the strange and terrible forces gathering around the Overlook is Danny Torrance, a uniquely gifted five-year-old.',50,49,'2024-11-19','http://books.google.com/books/content?id=8VnJLu3AvvQC&printsec=frontcover&img=1&zoom=1&edge=curl&source=gbs_api'),
(22,'The Underground Railroad','Philip Wolny',NULL,'Book',1,'The Rosen Publishing Group, Inc','Examines the events and key figures behind the formation and operation of the Underground Railroad, the secretive and illegal organization that helped American slaves escape to freedom in the northern United States and Canada.',50,49,'2024-11-19','http://books.google.com/books/content?id=kspe0K6TD5wC&printsec=frontcover&img=1&zoom=1&edge=curl&source=gbs_api'),
(23,'Wolf Hall Companion','Lauren Mackay',NULL,'Book',1,'Batsford Books','An accessible and authoritative companion to the bestselling Wolf Hall trilogy by Hilary Mantel, published after the third and final book, The Mirror and the Light. Wolf Hall Companion gives an historian\'s view of what we know about Thomas Cromwell, one of the most powerful men of the Tudor age and the central character in Mantel\'s Wolf Hall trilogy. Covering the key court and political characters from the books, this companion guide also works as a concise Tudor history primer. Alongside Thomas Cromwell, the author explores characters including Anne Boleyn, Thomas Cranmer, Jane Seymour, Henry VIII, Thomas Howard, Cardinal Wolsey and Richard Fox. The important places in the court of Henry VIII are introduced and put into context, including Hampton Court, the Tower of London, Cromwell\'s home Austin Friars, and of course Wolf Hall. The author explores not only the real history of these people and places, but also Hilary Mantel\'s interpretation of them.',50,50,'2024-11-19','http://books.google.com/books/content?id=Jk0mEAAAQBAJ&printsec=frontcover&img=1&zoom=1&edge=curl&source=gbs_api'),
(24,'Erasure','Percival Everett',NULL,'Book',1,'Faber & Faber','Adapted into the Oscar-nominated major motion picture, American Fiction. \'Truly brilliant.\' Los Angeles Review of Books \'A classic.\' The Times \'A remarkable novel.\' Wall Street Journal \'Sublime . . . brilliant, uproarious . . . A wise novel about how we live.\' Brandon Taylor With your book sales at an all-time low, your family falling apart, and your agent telling you you\'re not black enough, what\'s an author to do? Thelonius \'Monk\' Ellison has the answer. Or does he . . . ? Winner of the Hurston/Wright Legacy Award for Fiction \'One of the most original and forceful novels to have emerged from America in years.\' TLS \'A furious whirl of a book. It made me howl with laughter . . . and rage, and sorrow, and affinity.\' Lisa McInerney \'Seminal doesn\'t even come close. This novel is Everett at his finest, full of trademark protest, humanity and incisive humour, all wrapped up in one hell of a story.\' Courttia Newland \'Hilarious. . . Everett is a first-rate word wrangler.\' Nicholas Lezard , Guardian',50,50,'2024-11-19','http://books.google.com/books/content?id=Y7VFEAAAQBAJ&printsec=frontcover&img=1&zoom=1&edge=curl&source=gbs_api'),
(25,'Evicted','Matthew Desmond',NULL,'Book',1,'Crown','NEW YORK TIMES BESTSELLER • WINNER OF THE PULITZER PRIZE • NAMED ONE OF TIME’S TEN BEST NONFICTION BOOKS OF THE DECADE • One of the most acclaimed books of our time, this modern classic “has set a new standard for reporting on poverty” (Barbara Ehrenreich, The New York Times Book Review). In Evicted, Princeton sociologist and MacArthur “Genius” Matthew Desmond follows eight families in Milwaukee as they each struggle to keep a roof over their heads. Hailed as “wrenching and revelatory” (The Nation), “vivid and unsettling” (New York Review of Books), Evicted transforms our understanding of poverty and economic exploitation while providing fresh ideas for solving one of twenty-first-century America’s most devastating problems. Its unforgettable scenes of hope and loss remind us of the centrality of home, without which nothing else is possible. NAMED ONE OF THE BEST BOOKS OF THE YEAR BY President Barack Obama • The New York Times Book Review • The Boston Globe • The Washington Post • NPR • Entertainment Weekly • The New Yorker • Bloomberg • Esquire • BuzzFeed • Fortune • San Francisco Chronicle • Milwaukee Journal Sentinel • St. Louis Post-Dispatch • Politico • The Week • Chicago Public Library • BookPage • Kirkus Reviews • Library Journal • Publishers Weekly • Booklist • Shelf Awareness WINNER OF: The National Book Critics Circle Award for Nonfiction • The PEN/John Kenneth Galbraith Award for Nonfiction • The Andrew Carnegie Medal for Excellence in Nonfiction • The Hillman Prize for Book Journalism • The PEN/New England Award • The Chicago Tribune Heartland Prize FINALIST FOR THE LOS ANGELES TIMES BOOK PRIZE AND THE KIRKUS PRIZE “Evicted stands among the very best of the social justice books.”—Ann Patchett, author of Bel Canto and Commonwealth “Gripping and moving—tragic, too.”—Jesmyn Ward, author of Salvage the Bones “Evicted is that rare work that has something genuinely new to say about poverty.”—San Francisco Chronicle',50,50,'2024-11-19','http://books.google.com/books/content?id=-QYZCgAAQBAJ&printsec=frontcover&img=1&zoom=1&edge=curl&source=gbs_api'),
(26,'Behind the Beautiful Forevers','David Hare',NULL,'Book',1,'Macmillan + ORM','A stage adaptation of Katherine Boo\'s National Book Award-winning study of life in a Mumbai slum India is surging with global ambition. But beyond the luxury hotels surrounding Mumbai airport lies a makeshift slum, Annawadi, full of people with plans of their own. Zehrunisa and her son Abdul aim to recycle enough rubbish to fund a proper house. Sunil, twelve and stunted, wants to eat until he\'s as tall as Kalu the thief. Asha seeks to steal government antipoverty funds to turn herself into a \"first-class person,\" while her daughter Manju intends to become the slum\'s first female graduate. But their schemes are fragile; global recession threatens the garbage trade, and another slum dweller is about to make an accusation that will destroy herself and shatter the neighborhood. For Behind the Beautiful Forevers, journalist Katherine Boo spent three years in Annawadi recording the lives of its residents. From her uncompromising book, David Hare has fashioned a tumultuous play on an epic scale.',50,50,'2024-11-19','http://books.google.com/books/content?id=jiWNBwAAQBAJ&printsec=frontcover&img=1&zoom=1&edge=curl&source=gbs_api'),
(27,'Hateship, Friendship, Courtship, Loveship, Marriage','Alice Munro',NULL,'Book',1,'Knopf','A superb new collection from a best-loved writer includes nine stories drawing readers into situations and events that illuminate entire lives.',50,50,'2024-11-19','http://books.google.com/books/content?id=oJcfAQAAIAAJ&printsec=frontcover&img=1&zoom=1&source=gbs_api'),
(28,'Americanah','Chimamanda Ngozi Adichie',NULL,'Book',1,'Vintage','10th ANNIVERSARY EDITION • NATIONAL BESTSELLER • A modern classic about star-crossed lovers that explores questions of race and being Black in America—and the search for what it means to call a place home. • From the award-winning author of We Should All Be Feminists and Half of a Yellow Sun • WITH A NEW INTRODUCTION BY THE AUTHOR \"An expansive, epic love story.\"—O, The Oprah Magazine One of the New York Times’s 100 Best Books of the 21st Century • One of The Atlantic’s Great American Novels of the Past 100 Years Ifemelu and Obinze are young and in love when they depart military-ruled Nigeria for the West. Beautiful, self-assured Ifemelu heads for America, where despite her academic success, she is forced to grapple with what it means to be Black for the first time. Quiet, thoughtful Obinze had hoped to join her, but with post–9/11 America closed to him, he instead plunges into a dangerous, undocumented life in London. At once powerful and tender, Americanah is a remarkable novel that is \"dazzling…funny and defiant, and simultaneously so wise.\" —San Francisco Chronicle',50,50,'2024-11-19','http://books.google.com/books/content?id=_wZ1Rf1QQ_EC&printsec=frontcover&img=1&zoom=1&edge=curl&source=gbs_api'),
(29,'White Teeth','Zadie Smith',NULL,'Book',1,'Vintage','NATIONAL BESTSELLER • The blockbuster debut novel from \"a preternaturally gifted\" writer (The New York Times) and author of On Beauty and Swing Time—set against London\'s racial and cultural tapestry, reveling in the ecstatic hodgepodge of modern life, flirting with disaster, and embracing the comedy of daily existence. Zadie Smith’s dazzling debut caught critics grasping for comparisons and deciding on everyone from Charles Dickens to Salman Rushdie to John Irving and Martin Amis. But the truth is that Zadie Smith’s voice is remarkably, fluently, and altogether wonderfully her own. At the center of this invigorating novel are two unlikely friends, Archie Jones and Samad Iqbal. Hapless veterans of World War II, Archie and Samad and their families become agents of England’s irrevocable transformation. A second marriage to Clara Bowden, a beautiful, albeit tooth-challenged, Jamaican half his age, quite literally gives Archie a second lease on life, and produces Irie, a knowing child whose personality doesn’t quite match her name (Jamaican for “no problem”). Samad’s late-in-life arranged marriage (he had to wait for his bride to be born), produces twin sons whose separate paths confound Iqbal’s every effort to direct them, and a renewed, if selective, submission to his Islamic faith. “[White Teeth] is, like the London it portrays, a restless hybrid of voices, tones, and textures…with a raucous energy and confidence.” —The New York Times Book Review',50,50,'2024-11-19','http://books.google.com/books/content?id=zZFlmid0HOYC&printsec=frontcover&img=1&zoom=1&edge=curl&source=gbs_api'),
(30,'The Kite Runner','Khaled Hosseini',NULL,'Book',1,'Bloomsbury Publishing','THE NUMBER ONE BESTSELLER \'Devastating\' Daily Telegraph \'Heartbreaking\' The Times \'Unforgettable\' Isabel Allende \'Haunting\' Independent Afghanistan, 1975: Twelve-year-old Amir is desperate to win the local kite-fighting tournament and his loyal friend Hassan promises to help him. But neither of the boys can foresee what will happen to Hassan that afternoon, an event that is to shatter their lives. After the Russians invade and the family is forced to flee to America, Amir realises that one day he must return to Afghanistan under Taliban rule to find the one thing that his new world cannot grant him: redemption.',50,50,'2024-11-19','http://books.google.com/books/content?id=KUMIEAAAQBAJ&printsec=frontcover&img=1&zoom=1&edge=curl&source=gbs_api'),
(31,'The Road','Cormac McCarthy',NULL,'Book',1,'Pan Macmillan','The post-apocalyptic modern classic with an introduction by novelist John Banville. In a burned-out America, a father and his young son walk under a darkened sky, heading slowly for the coast. They have no idea what, if anything, awaits them there. The landscape is destroyed, nothing moves save the ash on the wind and cruel, lawless men stalk the roadside, lying in wait. Attempting to survive in this brave new world, the young boy and his protector have nothing but a pistol to defend themselves. They must keep walking. Winner of the Pulitzer Prize for Fiction, The Road is an incandescent novel, the story of a remarkable and profoundly moving journey. In this unflinching study of the best and worst of humankind, Cormac McCarthy boldly divines a future without hope, but one in which, miraculously, this young family finds tenderness. An exemplar of post-apocalyptic writing, The Road is a true modern classic, a masterful, moving and increasingly prescient novel. This edition is part of the Picador Collection, a series of the best in contemporary literature, inaugurated in Picador\'s 50th Anniversary year.',50,49,'2024-11-19','http://books.google.com/books/content?id=VcZtDwAAQBAJ&printsec=frontcover&img=1&zoom=1&edge=curl&source=gbs_api'),
(32,'Atomic Habits','James Clear',NULL,'Book',1,'Random House','THE PHENOMENAL INTERNATIONAL BESTSELLER: OVER 15 MILLION COPIES SOLD WORLDWIDE Transform your life with tiny changes in behaviour, starting now. People think that when you want to change your life, you need to think big. But world-renowned habits expert James Clear has discovered another way. He knows that real change comes from the compound effect of hundreds of small decisions: doing two push-ups a day, waking up five minutes early, or holding a single short phone call. He calls them atomic habits. In this ground-breaking book, Clears reveals exactly how these minuscule changes can grow into such life-altering outcomes. He uncovers a handful of simple life hacks (the forgotten art of Habit Stacking, the unexpected power of the Two Minute Rule, or the trick to entering the Goldilocks Zone), and delves into cutting-edge psychology and neuroscience to explain why they matter. Along the way, he tells inspiring stories of Olympic gold medalists, leading CEOs, and distinguished scientists who have used the science of tiny habits to stay productive, motivated, and happy. These small changes will have a revolutionary effect on your career, your relationships, and your life. ________________________________ A NEW YORK TIMES AND SUNDAY TIMES BESTSELLER \'A supremely practical and useful book.\' Mark Manson, author of The Subtle Art of Not Giving A F*ck \'James Clear has spent years honing the art and studying the science of habits. This engaging, hands-on book is the guide you need to break bad routines and make good ones.\' Adam Grant, author of Originals \'Atomic Habits is a step-by-step manual for changing routines.\' Books of the Month, Financial Times \'A special book that will change how you approach your day and live your life.\' Ryan Holiday, author of The Obstacle is the Way Number 1 Sunday Times Bestseller, May 2023',50,49,'2024-11-19','http://books.google.com/books/content?id=fFCjDQAAQBAJ&printsec=frontcover&img=1&zoom=1&edge=curl&source=gbs_api'),
(33,'Thinking, Fast and Slow','Daniel Kahneman',NULL,'Book',1,'Penguin UK','One of the most influential books of the 21st century: the ground-breaking psychology classic - over 10 million copies sold - that changed the way we think about thinking \'There have been many good books on human rationality and irrationality, but only one masterpiece. That masterpiece is Thinking, Fast and Slow\' Financial Times \'A lifetime\'s worth of wisdom\' Steven D. Levitt, co-author of Freakonomics Why do we make the decisions we do? Nobel Prize winner Daniel Kahneman, \'the world\'s most influential living psychologist\' (Steven Pinker) revolutionised our understanding of human behaviour with Thinking, Fast and Slow. Distilling his life\'s work, Kahneman shows how there are two ways we make choices: fast, intuitive thinking, and slow, rational thinking. He reveals how our minds are tripped up by error, bias and prejudice (even when we think we are being logical) and gives practical techniques that enable us all to improve our decision-making. This profound exploration of the marvels and limitations of the human mind has had a lasting impact on how we see ourselves. \'The godfather of behavioural science ... his steely analysis of the human mind and its many flaws remains perhaps the most useful guide to remaining sane and steady\' Sunday Times',50,49,'2024-11-19','http://books.google.com/books/content?id=oV1tXT3HigoC&printsec=frontcover&img=1&zoom=1&edge=curl&source=gbs_api'),
(34,'Guns, Germs, and Steel: The Fates of Human Societies (20th Anniversary Edition)','Jared Diamond',NULL,'Book',1,'W. W. Norton & Company','\"Fascinating.... Lays a foundation for understanding human history.\"—Bill Gates In this \"artful, informative, and delightful\" (William H. McNeill, New York Review of Books) book, Jared Diamond convincingly argues that geographical and environmental factors shaped the modern world. Societies that had had a head start in food production advanced beyond the hunter-gatherer stage, and then developed religion --as well as nasty germs and potent weapons of war --and adventured on sea and land to conquer and decimate preliterate cultures. A major advance in our understanding of human societies, Guns, Germs, and Steel chronicles the way that the modern world came to be and stunningly dismantles racially based theories of human history. Winner of the Pulitzer Prize, the Phi Beta Kappa Award in Science, the Rhone-Poulenc Prize, and the Commonwealth club of California\'s Gold Medal.',50,50,'2024-11-19','http://books.google.com/books/content?id=XLo9DgAAQBAJ&printsec=frontcover&img=1&zoom=1&edge=curl&source=gbs_api'),
(35,'A Brief History of Time','Stephen Hawking',NULL,'Book',1,'Bantam','#1 NEW YORK TIMES BESTSELLER A landmark volume in science writing by one of the great minds of our time, Stephen Hawking’s book explores such profound questions as: How did the universe begin—and what made its start possible? Does time always flow forward? Is the universe unending—or are there boundaries? Are there other dimensions in space? What will happen when it all ends? Told in language we all can understand, A Brief History of Time plunges into the exotic realms of black holes and quarks, of antimatter and “arrows of time,” of the big bang and a bigger God—where the possibilities are wondrous and unexpected. With exciting images and profound imagination, Stephen Hawking brings us closer to the ultimate secrets at the very heart of creation.',50,50,'2024-11-19','http://books.google.com/books/content?id=oZhagX6UWOMC&printsec=frontcover&img=1&zoom=1&edge=curl&source=gbs_api'),
(36,'Long Walk to Freedom','Nelson Mandela',NULL,'Book',1,'Hachette UK','\"Essential reading for anyone who wants to understand history – and then go out and change it.\" –President Barack Obama Nelson Mandela was one of the great moral and political leaders of his time: an international hero whose lifelong dedication to the fight against racial oppression in South Africa won him the Nobel Peace Prize and the presidency of his country. After his triumphant release in 1990 from more than a quarter-century of imprisonment, Mandela was at the center of the most compelling and inspiring political drama in the world. As president of the African National Congress and head of South Africa\'s antiapartheid movement, he was instrumental in moving the nation toward multiracial government and majority rule. He is still revered everywhere as a vital force in the fight for human rights and racial equality. Long Walk to Freedom is his moving and exhilarating autobiography, destined to take its place among the finest memoirs of history\'s greatest figures. Here for the first time, Nelson Rolihlahla Mandela told the extraordinary story of his life -- an epic of struggle, setback, renewed hope, and ultimate triumph. The book that inspired the major motion picture Mandela: Long Walk to Freedom.',50,50,'2024-11-19','http://books.google.com/books/content?id=jc41AQAAQBAJ&printsec=frontcover&img=1&zoom=1&edge=curl&source=gbs_api'),
(37,'How To Win Friends and Influence People','Dale Carnegie',NULL,'Book',1,'Simon and Schuster','Updated in 2022 for today’s readers, Dale Carnegie’s timeless bestseller How to Win Friends and Influence People is a classic that has improved and transformed the professional and personal and lives of millions. One of the best-known motivational guides in history, Dale Carnegie’s groundbreaking book has sold tens of millions of copies, been translated into almost every known language, and has helped countless people succeed. Originally published during the depths of the Great Depression—and equally valuable during booming economies or hard times—Carnegie’s rock-solid, time-tested advice has carried countless people up the ladder of success in their professional and personal lives. How to Win Friends and Influence People teaches you: -How to communicate effectively -How to make people like you -How to increase your ability to get things done -How to get others to see your side -How to become a more effective leader -How to successfully navigate almost any social situation -And so much more! Achieve your maximum potential with this updated version of a classic—a must-read for the 21st century.',50,50,'2024-11-19','http://books.google.com/books/content?id=1rW-QpIAs8UC&printsec=frontcover&img=1&zoom=1&edge=curl&source=gbs_api'),
(38,'Khi lỗi thuộc về những vì sao','N/A',NULL,'Book',1,'Unknown','Mặc dù phép màu y học đã giúp thu hẹp khối u và ban thêm vài năm sống cho Hazel nhưng cuộc đời cô bé đang ở vào giai đoạn cuối, từng chương kế tiếp được viết theo kết quả chẩn đoán. Nhưng khi có một nhân vật điển trai tên là Augustus Waters đột nhiên xuất hiện tại Hội Tương Trợ Bệnh Nhi Ung Thư, câu chuyện của Hazel sắp được viết lại hoàn toàn. Sâu sắc, táo bạo, ngang tàng, và thô ráp, Khi lỗi thuộc về những vì sao là tác phẩm thương tâm và tham vọng nhất của John Green, tác giả của những giải thưởng, nhưng đồng thời lại khám phá một cách khéo léo nét hài hước, li kỳ, và bi thảm của việc sống và việc yêu.',50,50,'2024-11-19',''),
(39,'Salvage the Bones','Jesmyn Ward',NULL,'Book',1,'A&C Black','_______________ \'A brilliantly pacy adventure story ... Ward writes like a dream\' - The Times \'Fresh and urgent\' - New York Times \'There\'s something of Faulkner to Ward\'s grand diction\' - Guardian _______________ WINNER OF THE NATIONAL BOOK AWARD Hurricane Katrina is building over the Gulf of Mexico, threatening the coastal town of Bois Sauvage, Mississippi, and Esch\'s father is growing concerned. He\'s a hard drinker, largely absent, and it isn\'t often he worries about the family. Esch and her three brothers are stockpiling food, but there isn\'t much to save. Lately, Esch can\'t keep down what food she gets; at fifteen, she has just realized that she\'s pregnant. Her brother Skeetah is sneaking scraps for his prized pit bull\'s new litter, dying one by one. Meanwhile, brothers Randall and Junior try to stake their claim in a family long on child\'s play and short on parenting. As the novel progresses through twelve dramatic days, this unforgettable family - motherless children sacrificing for one another as they can, protecting and nurturing where love is scarce - pulls itself up to face another day. _______________ \'Masterful ... A palpable sense of desire and sorrow animates every page ... Salvage the Bones has the aura of a classic about it\' - Washington Post \'Beautifully written ... A powerful depiction of grinding poverty, where somehow, amid the deprivation, the flame of filial affection survives and a genuine spirit of community is able to triumph over everything the system and nature can throw at it\' - Daily Mail',50,50,'2024-11-19','http://books.google.com/books/content?id=j2VAjUWQG2kC&printsec=frontcover&img=1&zoom=1&edge=curl&source=gbs_api'),
(40,'Why We Need a Citizen’s Basic Income','Claudia Rankine',NULL,'Book',1,'Policy Press','In the five years since Money for Everyone was published the idea of a Citizen’s Basic Income has rocketed in interest to an idea whose time has come. In moving the debate on from the desirability of a basic income this fully updated and revised edition now includes comprehensive discussions on feasibility and implementation. Using the consultation undertaken by the Institute of Chartered Accountants in England and Wales as a basis, Torry examines a number of implementation methods for Citizen’s Basic Income and considers the cost implications. Including real-life examples from the UK, and data from case studies and pilots in Alaska, Namibia, India, Iran and elsewhere, this is the essential research-based introduction to the Citizen’s Basic Income.',50,50,'2024-11-19','http://books.google.com/books/content?id=YABpDwAAQBAJ&printsec=frontcover&img=1&zoom=1&edge=curl&source=gbs_api'),
(41,'The Savage Detectives','Roberto Bolaño',NULL,'Book',1,'Random House','New Year’s Eve, 1975. Two hunted men leave Mexico City in a borrowed white Impala. Their quest: to track down the mythical, vanished poet Cesárea Tinajero. But, twenty years later, they are still on the run. The Savage Detectives is their remarkable journey through our darkening universe. Told, shared and mythologised by a generation of lovers, rebels and readers, their testimonies are woven together into one of the most dazzling Latin American novels of all time. TRANSLATED BY NATASHA WIMMER ‘Roberto Bolaño was a game changer: his field was politics, poetry and melancholia. He could be funny, he could be literate, he could be devastating. And his writing was always unparalleled’ Mariana Enríquez, author of Our Share of Night ‘Bolaño makes you feel changed for having read him; he adjusts your angle of view on the world’ Guardian',50,50,'2024-11-19','http://books.google.com/books/content?id=F5vJEAAAQBAJ&printsec=frontcover&img=1&zoom=1&edge=curl&source=gbs_api'),
(42,'Normal People','Sally Rooney',NULL,'Book',1,'Unknown','Vietnamese edition of Sally Rooney\'s \'Normal People\' which tells the story of the relationship between Marianne and Connell, beginning when they\'re at school in a small town in West Ireland and continues while they\'re at college in Dublin... Vietnamese translation by Pham Thu Ha.',50,50,'2024-11-19','http://books.google.com/books/content?id=r_uWzQEACAAJ&printsec=frontcover&img=1&zoom=1&source=gbs_api'),
(43,'Postwar Vietnam','Hy V. Luong',NULL,'Book',1,'Rowman & Littlefield','This historically grounded examination of the dynamics of contemporary society in Vietnam, including cultural, political and economic dimensions, focuses on dynamic tensions both within society and among societal forces, the state, and global capital.',50,50,'2024-11-19','http://books.google.com/books/content?id=AkIhYEavBrEC&printsec=frontcover&img=1&zoom=1&edge=curl&source=gbs_api'),
(44,'Trust','Hernan Diaz',NULL,'Book',1,'Pan Macmillan','THE SUNDAY TIMES BESTSELLER WINNER OF THE 2023 PULITZER PRIZE FOR FICTION LONGLISTED FOR THE BOOKER PRIZE 2022 ONE OF BARACK OBAMA\'S FAVOURITE BOOKS OF 2022 Trust is a sweeping puzzle of a novel about power, greed, love and a search for the truth that begins in 1920s New York. Can one person change the course of history? A Wall Street tycoon takes a young woman as his wife. Together, they rise to the top in an age of excess and speculation. Now a novelist is threatening to reveal the secrets behind their marriage. Who will have the final word in their story of greed, love and betrayal? Composed of four competing versions of this deliciously deceptive tale, Trust by Hernan Diaz brings us on a quest for truth while confronting the lies that often live buried in the human heart. \'One of the great puzzle-box novels . . . a page-turner\' – The Telegraph \'Genius\' – The Observer \'Radiant, profound and moving\' – Lauren Groff, author of Matrix \'Metafiction at its best, unpredictable, clever and massively enjoyable\' – The Sunday Times \'Enthralling\' – Daily Mail',50,50,'2024-11-19','http://books.google.com/books/content?id=0ylNEAAAQBAJ&printsec=frontcover&img=1&zoom=1&edge=curl&source=gbs_api'),
(45,'Life After Life','Raymond A. Moody',NULL,'Book',1,'Random House','In this fascinating book, Dr Moody reveals his groundbreaking study of more than 100 people who experienced \'clinical death\' - and were revived. Their amazing testimonies and surprising descriptions of \'death\' and \'beyond\' are so strikingly similar, so vi',50,49,'2024-11-19','http://books.google.com/books/content?id=tSeev4KVjtAC&printsec=frontcover&img=1&zoom=1&source=gbs_api'),
(46,'The God of the Woods','Liz Moore',NULL,'Book',1,'Penguin','THE RUNAWAY NEW YORK TIMES BESTSELLER “The God of the Woods should be your next summer mystery.” —The Washington Post “Extraordinary . . . Reminds me of Donna Tartt’s 1992 debut, The Secret History . . . I was so thoroughly submerged in a rich fictional world, that for hours I barely came up for air.” —Maureen Corrigan, Fresh Air, NPR “Riveting from page one to the last breathless word.” —Rebecca Makkai, New York Times bestselling author of I Have Some Questions For You When a teenager vanishes from her Adirondack summer camp, two worlds collide Early morning, August 1975: a camp counselor discovers an empty bunk. Its occupant, Barbara Van Laar, has gone missing. Barbara isn’t just any thirteen-year-old: she’s the daughter of the family that owns the summer camp and employs most of the region’s residents. And this isn’t the first time a Van Laar child has disappeared. Barbara’s older brother similarly vanished fourteen years ago, never to be found. As a panicked search begins, a thrilling drama unfolds. Chasing down the layered secrets of the Van Laar family and the blue-collar community working in its shadow, Moore’s multi-threaded story invites readers into a rich and gripping dynasty of secrets and second chances. It is Liz Moore’s most ambitious and wide-reaching novel yet.',50,50,'2024-11-19','http://books.google.com/books/content?id=9NHcEAAAQBAJ&printsec=frontcover&img=1&zoom=1&edge=curl&source=gbs_api'),
(47,'Fourth Wing','Rebecca Yarros',NULL,'Book',1,'Entangled: Red Tower Books','#1 New York Times bestselling author Jennifer L. Armentrout Enter the brutal and elite world of a war college for dragon riders from #1 New York Times bestselling author Rebecca Yarros Twenty-year-old Violet Sorrengail was supposed to enter the Scribe Quadrant, living a quiet life among books and history. Now, the commanding general—also known as her tough-as-talons mother—has ordered Violet to join the hundreds of candidates striving to become the elite of Navarre: dragon riders. But when you’re smaller than everyone else and your body is brittle, death is only a heartbeat away...because dragons don’t bond to “fragile” humans. They incinerate them. With fewer dragons willing to bond than cadets, most would kill Violet to better their own chances of success. The rest would kill her just for being her mother’s daughter—like Xaden Riorson, the most powerful and ruthless wingleader in the Riders Quadrant. She’ll need every edge her wits can give her just to see the next sunrise. Yet, with every day that passes, the war outside grows more deadly, the kingdom\'s protective wards are failing, and the death toll continues to rise. Even worse, Violet begins to suspect leadership is hiding a terrible secret. Friends, enemies, lovers. Everyone at Basgiath War College has an agenda—because once you enter, there are only two ways out: graduate or die. The Empyrean series is best enjoyed in order. Reading Order: Book #1 Fourth Wing Book #2 Iron Flame',50,44,'2024-11-19','https://ic.od-cdn.com/resize?type=auto&width=536&quality=80&force=true&height=715&url=%2FImageType-100%2F2390-1%2F%257BB59E0C7E-EC1E-4EF3-A9AD-4412125C5641%257DIMG100.JPG'),
(48,'Iron Flame','Rebecca Yarros',NULL,'Book',1,'Hachette UK','The instant number one Sunday Times bestseller and thrilling sequel to the global phenomenon, Fourth Wing! THE IRON FLAME PAPERBACK EDITION INCLUDES A BRAND NEW CHAPTER FROM XADEN\'S POINT OF VIEW! \'Yarros is the true inheritor of Harry Potter and inspires Hunger Games levels of devotion\' Guardian \'Fear not, levels of fighting, rebelliousness and all-round sexiness are still sky-high\' Daily Mail \'Iron Flame is on course to set the world alight\' Glamour',50,50,'2024-11-19','https://ic.od-cdn.com/resize?type=auto&width=536&quality=80&force=true&height=715&url=%2FImageType-100%2F2390-1%2F%257B479E6212-6C03-489E-A350-60C2D48ABD7E%257DIMG100.JPG'),
(49,'Tell Me Everything','Elizabeth Strout',NULL,'Book',1,'Random House','NEW YORK TIMES BESTSELLER • OPRAH’S BOOK CLUB PICK • From Pulitzer Prize–winning author Elizabeth Strout comes a “stunner” (People) of a novel about new friendships, old loves, and the very human desire to leave a mark on the world. “Tell Me Everything hits like a bucolic fable. . . . A novel of moods, how they govern our personal lives and public spaces, reflected in Strout’s shimmering technique.”—The Washington Post With her remarkable insight into the human condition and silences that contain multitudes, Elizabeth Strout returns to the town of Crosby, Maine, and to her beloved cast of characters—Lucy Barton, Olive Kitteridge, Bob Burgess, and more—as they deal with a shocking crime in their midst, fall in love and yet choose to be apart, and grapple with the question, as Lucy Barton puts it, “What does anyone’s life mean?” It’s autumn in Maine, and the town lawyer Bob Burgess has become enmeshed in an unfolding murder investigation, defending a lonely, isolated man accused of killing his mother. He has also fallen into a deep and abiding friendship with the acclaimed writer Lucy Barton, who lives down the road in a house by the sea with her ex-husband, William. Together, Lucy and Bob go on walks and talk about their lives, their fears and regrets, and what might have been. Lucy, meanwhile, is finally introduced to the iconic Olive Kitteridge, now living in a retirement community on the edge of town. They spend afternoons together in Olive’s apartment, telling each other stories. Stories about people they have known—“unrecorded lives,” Olive calls them—reanimating them, and, in the process, imbuing their lives with meaning. Brimming with empathy and pathos, Tell Me Everything is Elizabeth Strout operating at the height of her powers, illuminating the ways in which our relationships keep us afloat. As Lucy says, “Love comes in so many different forms, but it is always love.”',50,41,'2024-11-19','https://ic.od-cdn.com/resize?type=auto&width=536&quality=80&force=true&height=715&url=%2FImageType-100%2F0111-1%2F%257BB86D18B4-E646-478A-A7D3-1B93B0694241%257DIMG100.JPG'),
(50,'We Solve Murders','Richard Osman',NULL,'Book',1,'Random House','FROM THE #1 BESTSELLING AUTHOR OF THE THURSDAY MURDER CLUB A brand new series. An iconic new detective team. And a thrilling new murder to solve . . . ----- Steve Wheeler is enjoying retired life. He does the odd bit of investigation work, but he prefers his familiar habits and routines: the pub quiz, his favourite bench, his cat waiting for him when he comes home. His days of adventure are over: adrenaline is daughter-in-law Amy’s business now. Amy Wheeler thinks adrenaline is good for the soul. As a private security officer, she doesn’t stay still long enough for habits or routines. She’s currently on a remote island keeping world-famous author Rosie D’Antonio alive. Which was meant to be an easy job . . . Then a dead body, a bag of money and a killer with their sights on Amy have her sending an SOS to the only person she trusts. A breakneck race around the world begins, but can Amy and Steve stay one step ahead of a deadly enemy? ----- Available to pre-order now! ----- PRAISE FOR RICHARD OSMAN ‘Brilliantly suspenseful’ JEFFERY DEAVER ‘Deplorably good’ IAN RANKIN ‘Funny, clever, compelling’ HARLAN COBEN ‘I smiled a million times’ MARIAN KEYES ‘Warm, wise and witty’ VAL MCDERMID ‘Osman just gets better’ SHARI LAPENA ‘The rightful king of crime’ i',50,41,'2024-11-19','https://ic.od-cdn.com/resize?type=auto&width=536&quality=80&force=true&height=715&url=%2FImageType-100%2F1523-1%2F%257B31DB2881-5CE5-4867-988E-55C1713F480C%257DIMG100.JPG'),
(51,'The Covenant of Water','Abraham Verghese',NULL,'Book',1,'Atlantic Books','OPRAH\'S BOOK CLUB PICK INSTANT NEW YORK TIMES BESTSELLER SUBJECT OF A SIX-PART SUPER SOUL PODCAST SERIES HOSTED BY OPRAH WINFREY ONE OF BARACK OBAMA\'S BEST BOOKS OF 2023 \'One of the best books I\'ve read in my entire life. It\'s epic. It\'s transportive . . . It was unputdownable!\' Oprah Winfrey, OprahDaily.com Spanning the years 1900 to 1977, The Covenant of Water follows a family in southern India that suffers a peculiar affliction: in every generation, at least one person dies by drowning - and in Kerala, water is everywhere. At the turn of the century a twelve-year-old girl, grieving the death of her father, is sent by boat to her wedding, where she will meet her forty-year-old husband for the first time. From this poignant beginning, the young girl and future matriarch - known as Big Ammachi - will witness unthinkable changes at home and at large over the span of her extraordinary life, full of the joys and trials of love and the struggles of hardship. A shimmering evocation of a lost India and of the passage of time itself, The Covenant of Water is a hymn to progress in medicine and to human understanding, and a humbling testament to the hardships undergone by past generations for the sake of those alive today. Imbued with humour, deep emotion and the essence of life, it is one of the most masterful literary novels published in recent years.',50,42,'2024-11-19','https://ic.od-cdn.com/resize?type=auto&width=536&quality=80&force=true&height=715&url=%2FImageType-100%2F6852-1%2F%257B877BEA09-D192-47F5-8BC2-E7A7EB637F38%257DIMG100.JPG'),
(52,'Counting Miracles','Nicholas Sparks',NULL,'Book',1,'Hachette UK','\'Find where you belong and make that place your own...\' Tanner has spent his whole life moving from place to place, belonging nowhere. So when his dying grandmother reveals the name and location of the father he never knew, he plans to visit Asheboro to lay the past to rest, then move on - just as he always has. Kaitlyn knows exactly where she belongs. In Asheboro, she\'s built a life for herself and her kids that she\'s proud of, especially after the turmoil of divorce. But when she meets lone wolf Tanner, she can\'t help but feel something has been missing until now. Jasper will never belong again. He had everything - and he lost it all. Now with only his old dog Arlo for company, he lives quietly, haunted by the tragic accident that took place decades before. Three strangers\' worlds are about to collide, changing the trajectory of all their lives. Because some paths cross, some merge, and others guide you home... From the much-loved bestselling author of The Notebook comes a brand-new emotional and powerful novel about the journeys we take and those who touch our hearts along the way.',50,40,'2024-11-19','https://ic.od-cdn.com/resize?type=auto&width=536&quality=80&force=true&height=715&url=%2FImageType-100%2F0111-1%2F%257BEF7D33EE-D23C-4F14-A4BB-ACF1E5DF9B1F%257DIMG100.JPG'),
(53,'Somewhere Beyond the Sea','TJ Klune',NULL,'Book',1,'Pan Macmillan','A magical house. A secret past. A summons that could change everything. This is the hugely-anticipated sequel to TJ Klune\'s The House in the Cerulean Sea, a cosy-fantasy triumph and a New York Times bestseller. Arthur Parnassus has built a good life on the ashes of a bad one. He’s headmaster at an orphanage for magical children, on a peculiar island, assisted by love-of-his-life Linus Baker. And together, they’ll do anything to protect their extraordinary and powerful charges. However, when Arthur is forced to make a public statement about his dark past, he finds himself fighting for those under his care. It’s also a fight for the better future that all magical people deserve. Then when a new magical child joins their island home, Arthur knows they’ve reached breaking point. The child finds power in calling himself a monster, a name Arthur has tried so hard to banish to protect his children. Challenged from within and without, their volatile family might grow stronger. Or everything Arthur loves could fall apart. Somewhere Beyond the Sea is a story of resistance, lovingly told, about the daunting experience of fighting for the life you want to live and doing the work to keep it. Praise for The House in the Cerulean Sea: ‘I loved it. It is like being wrapped up in a big gay blanket. Simply perfect’ - V. E. Schwab, author of The Invisible Life of Addie LaRue ‘It will renew your faith in humanity’ - Terry Brooks, author of the Shannara series ‘A witty, wholesome fantasy that’s likely to cause heart-swelling’ - The Washington Post',50,43,'2024-11-19','https://ic.od-cdn.com/resize?type=auto&width=536&quality=80&force=true&height=715&url=%2FImageType-100%2F2390-1%2F%257BBBA1DCF2-1A4E-477C-8C43-A447EB467DF2%257DIMG100.JPG'),
(54,'The Grey Wolf','Louise Penny',NULL,'Book',1,'Hachette UK','\'Intelligent, warm, familiar, gripping, and completely immersive. Ambitious in geography and scope, I relished every paragraph. The Gamache (and Three Pines) we love, but utterly fresh. SUPERB\' WILL DEAN Relentless phone calls interrupt the peace of a warm August morning in the small village of Three Pines in Quebec. Someone has managed to track down Armand Gamache, head of homicide, as he sits with his wife in their back garden. When he finally answers the call, his rage shatters the calm of their quiet Sunday morning. That\'s only the first in a sequence of strange events that begin THE GREY WOLF. At first they seem small - a missing coat, a note for Gamache reading \"this might interest you\", a puzzling scrap of paper with a mysterious list - but then a murder. All propel Chief Inspector Gamache and his team toward a terrible realization. Something much more sinister than any one murder or any one case is fast approaching. A threat unlike anything they\'ve seen before. PRAISE FOR LOUISE PENNY AND THE CHIEF INSPECTOR GAMACHE SERIES: \'Penny delves into the nature of evil, sensitively exploring the impact of the dreadful events she describes while bringing a warmth and humanity to her disparate cast of characters that, unusually for a crime novel, leaves you feeling better about the world once you\'ve finished\' BOOK OF THE MONTH, OBSERVER \'Electrifying drama ... Gamache is a fascinatingly complex protagonist\' THE TIMES \'Nobody does evil quite as scarily as Louise Penny\' ANN CLEEVES \'This is crime writing of the highest order\' DAILY MAIL \'No one does atmospheric quite like Louise Penny\' ELLY GRIFFITHS',50,41,'2024-11-19','https://ic.od-cdn.com/resize?type=auto&width=536&quality=80&force=true&height=715&url=%2FImageType-100%2F2390-1%2F%257B02F6353C-4F00-4B58-B357-08B06FB9D27B%257DIMG100.JPG'),
(55,'Birdsong','Julie Flett',NULL,'Book',1,'Greystone Books Ltd','BEST BOOK OF THE YEAR: PUBLISHERS WEEKLY, SCHOOL LIBRARY JOURNAL, KIRKUS, HORN BOOK, QUILL & QUIRE, GLOBE AND MAIL WINNER OF THE TD CANADIAN CHILDREN’S LITERATURE AWARD FINALIST FOR THE GOVERNOR GENERAL’S AWARD AN AMERICAN INDIAN YOUTH LITERATURE HONOR TITLE A BOSTON GLOBE—HORN BOOK HONOR BOOK When Katherena and her mother move to a small town, Katherena feels lonely and out of place. But when she meets an elderly woman artist who lives next door, named Agnes—her world starts to change. Katherena and Agnes share the same passions for arts and crafts, birds, and nature. But as the seasons change, can Katherna navigate the failing health of her new friend? Award-winning author and artist Julie Flett’s textured images of birds, flowers, art, and landscapes bring vibrancy and warmth to this powerful story, which highlights the fulfillment of intergenerational relationships, shared passions, and spending time outdoors with the ones we love. Includes a glossary and pronunciation guide to Cree words that appear in the text. “Cree-Métis author/illustrator Julie Flett\'s smooth and lyrical words and gorgeous... images truly capture the warmth and solidarity of the female protagonists in this tender intergenerational friendship story.”—The Horn Book “Cycling from spring to spring, [Julie Flett’s] subtle, sensitive story delicately traces filaments of growth and loss through intergenerational friendship, art making, and changing moons and seasons.” —Publishers Weekly (starred review)',15,15,'2024-11-20','https://ic.od-cdn.com/resize?type=auto&width=536&quality=80&force=true&height=715&url=%2FImageType-100%2F6852-1%2F%257BC7F77946-A4D4-463B-A3D2-F06D6CDE19FC%257DImg100.jpg'),
(56,'Sandwich','Catherine Newman',NULL,'Book',1,'Random House','Discover the joyful summer read from the bestselling author of WE ALL WANT IMPOSSIBLE THINGS, perfect for fans of Marian Keyes and Nora Ephron \'Sandwich is joy in book form. I laughed continuously, except for the parts that made me cry. Catherine Newman does a miraculous job reminding us of all the wonder there is to be found in life.\' ANN PATCHETT, New York Times bestselling author of Tom Lake \'A piece of perfection... Family, love, secrets, a marriage that is ordinary, imperfect, sexy and beautiful... I laughed, I cried and I laughed some more... a wonderful book about how families love, disagree, fail one another - and endure.\' RACHEL JOYCE, author of The Unlikely Pilgrimage of Harold Fry ____________ One week in Cape Cod. The perfect family holiday. What could possibly go wrong...? For the past two decades, Rocky has looked forward to her family’s yearly escape to Cape Cod. Their rustic beach-town rental has been the site of sweet memories, its quirky furniture and mismatched pots and pans greeted like old friends. Now, sandwiched between her children who are adult enough to be fun but still young enough to need her, and her parents who are alive and healthy, Rocky wants to preserve this golden moment forever. This one precious week when everything is in balance; everything is in flux. But every family has its secrets and hers is no exception. With her body in open revolt and surprises invading her peaceful haven, the perfectly balanced seesaw of Rocky’s life is tipping towards change... ____________ Praise for Catherine Newman’s WE ALL WANT IMPOSSIBLE THINGS: ‘Nora-Ephron-style wit ... one of my favourite books ever’ MARIAN KEYES ‘One of the best novels on friendship I\'ve ever read’ AJ PEARCE ‘Newman writes loss and laughter in equally brilliant amounts.’ BONNIE GARMUS ‘An absolute masterpiece in characterisation...utterly beautiful’ JOANNA CANNON ‘Quite simply glorious’ SARAH TURNER ‘An unbelievably brilliant and funny book about friendship, family, food, sex, and death.’ KATHERINE HEINY ‘This is a proper laugh-out-loud tale of friendship that will utterly win your heart’ STYLIST \'A beautiful, uplifting testament to female friendship that will make you laugh and cry.’ WOMAN ‘Remarkable ....whip-smart, funny, beautifully observed.’ OBSERVER We All Want Impossible Things, RIchard and Judy Book Club Pick, Autumn 2023',12,12,'2024-11-20','https://ic.od-cdn.com/resize?type=auto&width=536&quality=80&force=true&height=715&url=%2FImageType-100%2F0293-1%2F%257BFE557832-9B62-48E8-A46C-6F0DB5D0E414%257DIMG100.JPG'),
(57,'The Exchange','John Grisham',NULL,'Book',1,'Random House','#1 NEW YORK TIMES BESTSELLER • John Grisham delivers high-flying international suspense in a stunning new legal thriller that marks the return of Mitch McDeere, the brilliant hero of The Firm. What became of Mitch and Abby McDeere after they exposed the crimes of Memphis law firm Bendini, Lambert & Locke and fled the country? The answer is in The Exchange, the riveting sequel to The Firm, the blockbuster thriller that launched the career of America’s favorite storyteller. It is now fifteen years later, and Mitch and Abby are living in Manhattan, where Mitch is a partner at the largest law firm in the world. When a mentor in Rome asks him for a favor that will take him far from home, Mitch finds himself at the center of a sinister plot that has worldwide implications—and once again endangers his colleagues, friends, and family. Mitch has become a master at staying one step ahead of his adversaries, but this time there’s nowhere to hide.',12,12,'2024-11-20','https://ic.od-cdn.com/resize?type=auto&width=536&quality=80&force=true&height=715&url=%2FImageType-100%2F0111-1%2F%257B4FDB7998-E2A9-4115-87E9-364D8D704795%257DIMG100.JPG'),
(58,'Heir of Fire','Sarah J. Maas',NULL,'Book',1,'Bloomsbury Publishing','Royal assassin Celaena must travel to a new land to confront a truth about her heritage, while brutal and monstrous forces are gathering on the horizon, intent on enslaving her world.',5,5,'2024-11-20','https://ic.od-cdn.com/resize?type=auto&width=536&quality=80&force=true&height=715&url=%2FImageType-100%2F2183-1%2F%257B6A90858A-99FD-407A-A733-CDAE5D464C07%257DIMG100.JPG'),
(59,'Small Things Like These','Claire Keegan',NULL,'Book',1,'Unknown','It is 1985 in a small Irish town. During the weeks leading up to Christmas, Bill Furlong, a coal merchant and family man faces into his busiest season. Early one morning, while delivering an order to the local convent, Bill makes a discovery which forces him to confront both his past and the complicit silences of a town controlled by the church.',15,15,'2024-11-20','https://ic.od-cdn.com/resize?type=auto&width=536&quality=80&force=true&height=715&url=%2FImageType-100%2F6852-1%2F%257B9F54A5AC-C4D0-4537-9E42-0AF23CBAB3B3%257DIMG100.JPG');
/*!40000 ALTER TABLE `materials` ENABLE KEYS */;
UNLOCK TABLES;

--
-- Table structure for table `reviews`
--

DROP TABLE IF EXISTS `reviews`;
/*!40101 SET @saved_cs_client     = @@character_set_client */;
/*!40101 SET character_set_client = utf8 */;
CREATE TABLE `reviews` (
  `id` int(11) NOT NULL AUTO_INCREMENT,
  `user_id` int(11) NOT NULL,
  `material_id` int(11) NOT NULL,
  `content` text NOT NULL,
  `rating` int(11) NOT NULL,
  `date` date NOT NULL,
  PRIMARY KEY (`id`),
  KEY `user_id` (`user_id`),
  KEY `material_id` (`material_id`),
  CONSTRAINT `reviews_ibfk_1` FOREIGN KEY (`user_id`) REFERENCES `users` (`id`),
  CONSTRAINT `reviews_ibfk_2` FOREIGN KEY (`material_id`) REFERENCES `materials` (`id`)
) ENGINE=InnoDB AUTO_INCREMENT=307 DEFAULT CHARSET=utf8mb4 COLLATE=utf8mb4_unicode_ci;
/*!40101 SET character_set_client = @saved_cs_client */;

--
-- Dumping data for table `reviews`
--

LOCK TABLES `reviews` WRITE;
/*!40000 ALTER TABLE `reviews` DISABLE KEYS */;
INSERT INTO `reviews` VALUES
(1,2,55,'Awesome sauce!',4,'2024-11-30'),
(2,2,57,'Lorem ipsum dolor sit amet, consectetur adipiscing elit. Cras at accumsan arcu. Suspendisse quis vulputate nisi, in aliquet felis. Sed cursus sit amet augue vel varius. Fusce a fermentum diam. Praesent tristique tristique turpis ac posuere. Integer sed lacus vitae dolor vehicula dapibus vel id urna. Quisque id cursus massa, in vehicula nunc. Morbi posuere porttitor erat, finibus pellentesque sapien elementum eu. Nam sem orci, pulvinar nec magna quis, rhoncus scelerisque nisl. Vivamus lorem purus, dapibus vel posuere quis, interdum vitae risus. Sed ac accumsan sapien. ',3,'2024-11-30'),
(3,5,57,' Nulla facilisi. Aliquam ut volutpat nisl, nec rhoncus massa. Vestibulum ante ipsum primis in faucibus orci luctus et ultrices posuere cubilia curae; Duis et tincidunt justo, nec ullamcorper odio. Pellentesque molestie non libero eu facilisis. Pellentesque non ante urna. In sagittis lacinia leo non convallis. Lorem ipsum dolor sit amet, consectetur adipiscing elit. Sed condimentum luctus lacinia. Mauris congue eleifend sem. Morbi sollicitudin mauris elit, vel ultricies mauris accumsan nec. Nulla facilisi. Aenean auctor dictum hendrerit. Etiam at tristique urna, sit amet facilisis erat. Nam mollis viverra lorem, vel interdum libero interdum imperdiet. Aliquam erat volutpat. ',3,'2024-11-30'),
(5,13,57,'Nullam aliquam ut ex in semper. Duis ante erat, efficitur imperdiet vulputate quis, lobortis ut erat. Integer malesuada, erat blandit sodales sodales, ex ipsum pulvinar tellus, vitae porta massa felis accumsan mi. Aenean vitae magna urna. Maecenas vel dictum odio. Nam nisl turpis, egestas non ornare sed, convallis et nulla. Nam in justo non ligula tempor venenatis. ',3,'2024-11-30'),
(6,23,57,'Proin finibus purus erat, sit amet lacinia erat imperdiet sed. Donec ut interdum lorem. Morbi rhoncus augue orci, et gravida nibh pharetra vitae. Proin ac dolor pellentesque, fermentum erat id, tempor felis. Nullam nec neque et lectus pulvinar accumsan elementum venenatis ex. Ut vel massa ultrices, fermentum justo in, suscipit magna. Aliquam sem libero, euismod in eros a, sollicitudin rhoncus erat. Pellentesque molestie ut libero id sollicitudin. ',3,'2024-11-30'),
(7,12,57,'Lorem ipsum dolor sit amet, consectetur adipiscing elit. Cras at accumsan arcu. Suspendisse quis vulputate nisi, in aliquet felis. Sed cursus sit amet augue vel varius. Fusce a fermentum diam. Praesent tristique tristique turpis ac posuere. Integer sed lacus vitae dolor vehicula dapibus vel id urna. Quisque id cursus massa, in vehicula nunc. Morbi posuere porttitor erat, finibus pellentesque sapien elementum eu. Nam sem orci, pulvinar nec magna quis, rhoncus scelerisque nisl. Vivamus lorem purus, dapibus vel posuere quis, interdum vitae risus. Sed ac accumsan sapien. ',3,'2024-11-30'),
(8,2,50,'A master piece !\nLorem ipsum dolor sit amet, consectetur adipiscing elit. Cras at accumsan arcu. Suspendisse quis vulputate nisi, in aliquet felis. Sed cursus sit amet augue vel varius. Fusce a fermentum diam. Praesent tristique tristique turpis ac posuere. Integer sed lacus vitae dolor vehicula dapibus vel id urna. ',5,'2024-11-30'),
(9,2,56,'I love sandwich (the food btw) haha',4,'2024-12-01'),
(10,2,54,'What\'s a wonderful book!',4,'2024-12-01'),
(11,2,52,'Such a miracle!',4,'2024-12-01'),
(12,16,1,'Ullamco voluptate ex dolore incididunt, dolore veniam ea aliqua anim in, non est amet pariatur. Ad dolore sint labore. Culpa et consequat proident anim lorem quis.',3,'2024-12-02'),
(13,8,1,'Minim proident culpa cupidatat sint commodo pariatur sed. Nostrud mollit nulla incididunt nostrud, enim aliqua aliqua consequat velit excepteur consequat. Pariatur pariatur sed velit eu sit.',5,'2024-12-02'),
(14,20,1,'Qui consectetur aliquip ipsum occaecat, ut sunt tempor dolor aute mollit sint. Ut veniam exercitation eiusmod cillum deserunt sint elit. Irure ad sit nulla cillum duis, sunt pariatur dolore duis esse.',5,'2024-12-02'),
(15,5,1,'Do aute aliquip consequat adipiscing esse qui non. Sit mollit occaecat labore esse velit laboris aliqua. Dolore cillum cillum lorem. Magna sit elit officia nostrud sunt irure veniam.',5,'2024-12-02'),
(16,8,1,'Duis anim laboris nisi deserunt sint do. Reprehenderit laborum proident laborum qui enim, dolor mollit voluptate ea ad. Amet sint cupidatat veniam non. Sed ad adipiscing aliqua. Nulla irure ipsum id ipsum cupidatat laboris ex.',5,'2024-12-02'),
(17,11,2,'Irure cupidatat aute mollit. Dolor reprehenderit ipsum reprehenderit et nostrud adipiscing minim. Consectetur lorem officia fugiat lorem occaecat mollit cillum.',3,'2024-12-02'),
(18,7,2,'Quis duis sunt et veniam ipsum consequat, occaecat nulla aliquip sed amet ex. Reprehenderit consequat in anim, eiusmod lorem sit id, elit consectetur nostrud reprehenderit ad. Irure nostrud ea dolore sed minim, dolor voluptate consectetur voluptate aute pariatur aliquip ex.',2,'2024-12-02'),
(19,16,2,'Incididunt aliqua nisi aliquip enim sunt aliqua, aute id enim cillum qui labore, sit nulla magna culpa eu. Cupidatat commodo irure aliqua voluptate elit, veniam proident nisi incididunt velit, officia sed nostrud exercitation velit tempor do. Magna qui eu ipsum.',2,'2024-12-02'),
(20,12,2,'Aliquip cillum veniam laborum. Cupidatat laborum elit id cillum est. Labore amet occaecat est sunt ea.',3,'2024-12-02'),
(21,4,2,'Ad dolore quis ipsum, esse adipiscing sed cillum anim cillum. Excepteur quis exercitation do mollit culpa incididunt. Consectetur fugiat eiusmod aliquip consequat minim nulla. Culpa ad proident commodo. Quis elit sunt nulla.',4,'2024-12-02'),
(22,14,3,'Est laborum cupidatat in consectetur. Velit culpa labore esse cupidatat veniam enim officia. Ad veniam fugiat consequat exercitation pariatur. Eiusmod et sunt id velit.',3,'2024-12-02'),
(23,16,3,'Reprehenderit deserunt aliqua do veniam irure enim voluptate. Non laborum duis sit enim veniam. Mollit proident pariatur irure fugiat aliqua cillum, nisi eu ut amet labore.',4,'2024-12-02'),
(24,13,3,'Elit sit consequat dolor nisi incididunt. Officia laborum eu dolore minim sit, laboris laborum laboris eiusmod enim ea, ullamco sed cupidatat aliquip esse cupidatat exercitation consequat. Sunt consectetur ad in lorem tempor nisi.',2,'2024-12-02'),
(25,6,3,'Labore excepteur commodo consequat, in labore sunt duis sint fugiat nisi occaecat. Tempor laborum magna nulla labore minim. Amet consequat veniam excepteur ex mollit.',3,'2024-12-02'),
(26,20,3,'Sit ipsum ea exercitation cillum, consectetur sint dolor nisi deserunt. Consectetur culpa ea eu. Elit tempor id laboris labore nostrud, exercitation mollit ut fugiat excepteur, mollit excepteur do proident.',1,'2024-12-02'),
(27,19,4,'Magna proident sit sit, deserunt et sint aliqua ex, sed laborum cupidatat in non quis excepteur incididunt. Sit aute excepteur ea laboris lorem. Eu sunt excepteur sint labore sint. Elit labore voluptate commodo.',2,'2024-12-02'),
(28,20,4,'Laboris ad laboris ad enim eu elit nisi. Eiusmod cupidatat ad sed qui ullamco. Tempor dolore officia non esse tempor et. Nulla laboris in sit voluptate laboris labore eu. Dolor enim dolor elit ea incididunt ex do.',1,'2024-12-02'),
(29,16,4,'Enim et irure culpa ut et nostrud cupidatat. Esse consectetur consectetur aute. Sint duis cillum sed labore ad.',5,'2024-12-02'),
(30,18,4,'Tempor fugiat adipiscing elit. Minim do tempor ullamco, irure officia consequat ullamco culpa cupidatat voluptate. Minim commodo sint reprehenderit. Velit deserunt ipsum laboris culpa pariatur est enim, dolor minim reprehenderit laboris.',5,'2024-12-02'),
(31,8,4,'Exercitation veniam consequat eu sunt incididunt. Nostrud ex eu voluptate. Pariatur ullamco anim quis consequat consectetur, ad labore magna voluptate.',4,'2024-12-02'),
(32,17,5,'Id anim magna incididunt ea consequat. Eu ullamco exercitation ea velit exercitation officia. Deserunt reprehenderit eu voluptate. Ad commodo sit nisi sunt ullamco ad dolor. Velit aliqua eiusmod ad veniam ipsum.',1,'2024-12-02'),
(33,1,5,'Culpa reprehenderit elit officia ut commodo. Eu reprehenderit ex et elit sint lorem. Ex elit exercitation cillum nulla minim consectetur cupidatat, ut cillum adipiscing esse non, eiusmod sit cupidatat sunt minim. Labore ut sunt velit esse enim ex aute, amet amet ipsum nulla est tempor, ut incididunt nulla consectetur quis.',2,'2024-12-02'),
(34,6,5,'Veniam et commodo dolore ad, consequat nulla aute aliquip veniam aliqua mollit laborum. Consequat incididunt cillum do proident et. Excepteur cillum occaecat amet amet.',3,'2024-12-02'),
(35,18,5,'Sint sunt reprehenderit enim. Laboris ipsum aliqua aliquip ullamco commodo duis do. Eiusmod dolor eu sunt nisi exercitation. Cupidatat commodo duis pariatur laborum, id ea et non.',2,'2024-12-02'),
(36,3,5,'Labore fugiat id ullamco consequat dolore ad, eu reprehenderit sed enim enim. Dolor nisi tempor nulla id tempor ex sint. Non nostrud sed non. Tempor ut amet labore eiusmod in et.',3,'2024-12-02'),
(37,1,6,'Lorem laborum id cillum lorem culpa. Est proident laborum ut proident sint. Anim lorem velit irure nostrud commodo consequat veniam.',5,'2024-12-02'),
(38,8,6,'Labore anim amet sunt nisi et, qui dolor elit occaecat. Sed lorem do aliqua culpa qui laborum. Sit nulla ipsum magna ex, cupidatat ad fugiat dolore aliquip. Proident nulla elit cupidatat culpa. Culpa eiusmod sunt consectetur ad occaecat sunt.',5,'2024-12-02'),
(39,7,6,'Est irure et anim occaecat, magna duis ullamco nulla sint mollit. Id dolor qui deserunt, nulla sunt quis sit quis consequat culpa. Non fugiat exercitation tempor ad nulla aliquip. Enim sit nostrud quis exercitation. Quis aute est lorem fugiat irure.',4,'2024-12-02'),
(40,5,6,'Sunt do commodo elit veniam voluptate. Duis esse laborum sint ad nulla deserunt, incididunt eu irure nulla duis. Ea duis duis nostrud commodo nulla, labore commodo minim ad incididunt.',5,'2024-12-02'),
(41,14,6,'Tempor do irure reprehenderit velit laborum. Ipsum mollit fugiat sint ullamco in qui, dolor cupidatat velit et commodo exercitation sunt tempor, esse mollit anim occaecat ad est. Ipsum commodo adipiscing non adipiscing enim dolore. Elit labore sint est qui ipsum fugiat sunt. Cillum mollit ad adipiscing adipiscing laboris.',5,'2024-12-02'),
(47,5,8,'Nulla sint lorem enim esse aute. Aliquip aliquip anim reprehenderit, eiusmod et voluptate exercitation fugiat nisi in nostrud. Ex duis irure elit.',3,'2024-12-02'),
(48,10,8,'Sint non aliqua in velit sint eu sint. Est et velit veniam deserunt commodo. Reprehenderit deserunt ipsum sed, eiusmod cillum ex eiusmod reprehenderit reprehenderit. Fugiat minim lorem consequat.',2,'2024-12-02'),
(49,9,8,'Ullamco pariatur nisi et laborum ea. Eu nulla labore adipiscing officia ut et tempor, esse sed ipsum sed est exercitation sint proident, tempor laborum sunt qui non aute ea mollit. Cillum proident esse pariatur.',1,'2024-12-02'),
(50,2,8,'Est qui pariatur culpa pariatur. Ea ad nulla qui mollit. Quis aliqua tempor consequat.',3,'2024-12-02'),
(51,19,8,'Sed incididunt est aliqua eu sint non. Amet pariatur in consectetur pariatur, exercitation nulla sit nostrud est. Excepteur deserunt commodo fugiat qui incididunt, pariatur occaecat amet dolor magna. Incididunt veniam consequat reprehenderit. Ad cupidatat qui eu consequat velit quis.',3,'2024-12-02'),
(52,15,9,'Duis excepteur sint nulla aliquip non eiusmod non. Do non eiusmod esse quis ad. Id veniam pariatur mollit nulla veniam.',2,'2024-12-02'),
(53,6,9,'In non excepteur culpa eiusmod nisi, aliquip enim nulla nulla quis id. Exercitation enim esse amet adipiscing. Amet quis deserunt consectetur est ex aliquip minim.',4,'2024-12-02'),
(54,7,9,'Cillum id in amet culpa, excepteur consectetur dolore reprehenderit deserunt officia ea pariatur, qui ut do labore. Incididunt anim ad voluptate esse aute, anim adipiscing aliquip cillum dolore. Culpa aliqua nulla occaecat ullamco et. Est aute ut dolore cupidatat excepteur magna. Adipiscing ipsum minim laboris exercitation non.',2,'2024-12-02'),
(55,2,9,'Et dolore occaecat excepteur nulla non anim id. Proident velit magna consequat anim. Voluptate reprehenderit id elit et incididunt. Id ea cillum ipsum ipsum.',2,'2024-12-02'),
(56,7,9,'Nostrud laborum id officia, enim non tempor est reprehenderit mollit elit, nulla sit voluptate sint labore. Lorem nisi do velit proident, et sed exercitation aute minim. Amet ut commodo anim. Consectetur nisi anim sit amet lorem eu, pariatur culpa sunt et veniam occaecat ad.',4,'2024-12-02'),
(57,19,10,'Qui aliqua adipiscing occaecat consequat consequat, elit consectetur adipiscing sit deserunt. Quis adipiscing fugiat sunt nulla qui mollit. Exercitation eu veniam consectetur. Ullamco commodo voluptate adipiscing ad nulla.',2,'2024-12-02'),
(58,15,10,'Enim aute ea commodo nulla pariatur enim occaecat. Ea excepteur voluptate ea lorem. Non dolore do esse. Anim adipiscing commodo et id lorem. Deserunt commodo do fugiat sunt enim.',3,'2024-12-02'),
(59,1,10,'Ex ut excepteur nulla cupidatat aliquip pariatur. Amet ipsum adipiscing aliqua deserunt magna. Pariatur do exercitation qui.',2,'2024-12-02'),
(60,10,10,'Dolore pariatur in dolor aute sint voluptate. Eiusmod eiusmod aute minim, reprehenderit laboris do elit fugiat occaecat tempor. Aute mollit quis aliquip proident veniam cupidatat.',1,'2024-12-02'),
(61,16,10,'Officia nostrud ut aliqua excepteur ullamco. Cupidatat excepteur voluptate et voluptate aliquip qui. Id quis ipsum exercitation eu voluptate. Incididunt non ullamco aute exercitation dolor nisi anim.',3,'2024-12-02'),
(62,3,11,'Eu lorem magna ut voluptate occaecat eiusmod dolore. Ea est fugiat elit laborum eu officia ad. Amet ea deserunt voluptate occaecat excepteur fugiat. Aliqua sunt sit eiusmod ut enim sit est. Irure excepteur in magna ea adipiscing sed nisi.',3,'2024-12-02'),
(63,10,11,'Reprehenderit tempor irure ullamco. Duis dolor voluptate dolore reprehenderit. Officia voluptate sunt eiusmod incididunt, ut aliqua laboris dolor cupidatat commodo aliqua.',1,'2024-12-02'),
(64,18,11,'Ullamco mollit occaecat elit lorem ullamco magna mollit. Aute nulla sunt excepteur lorem dolore cillum enim. Fugiat aliqua ipsum fugiat, non proident sit id consectetur.',2,'2024-12-02'),
(65,15,11,'Ad incididunt aliquip aute lorem id. Id et reprehenderit nisi. Sunt velit in enim consectetur ad nisi esse.',5,'2024-12-02'),
(66,3,11,'Exercitation eiusmod consequat ex officia ad, fugiat quis eu consequat. Qui irure lorem non, officia nostrud irure enim ut. Minim culpa veniam exercitation nulla sed adipiscing sed, deserunt cillum velit sint incididunt deserunt.',1,'2024-12-02'),
(67,14,12,'Consequat quis cillum incididunt amet commodo aute deserunt, veniam incididunt pariatur nulla laboris non ipsum. Commodo amet est ad culpa dolore reprehenderit qui. Sint eu et exercitation minim, non duis ad mollit ullamco commodo.',1,'2024-12-02'),
(68,20,12,'Voluptate dolore magna cupidatat reprehenderit laboris consequat qui, anim ullamco eiusmod consequat nisi. Id ut qui irure commodo esse, sit lorem dolore quis exercitation aute tempor. Ex nisi sit qui aliqua.',5,'2024-12-02'),
(69,3,12,'Incididunt tempor proident in, adipiscing lorem exercitation adipiscing voluptate. Occaecat consequat do aute quis sit non. Cupidatat magna aliquip sint sit, ut amet minim minim officia minim. Mollit irure duis ut do dolor. Culpa labore velit laboris ad incididunt consectetur proident.',1,'2024-12-02'),
(70,2,12,'Magna duis mollit eiusmod enim elit, amet laborum laborum ut incididunt cupidatat esse. Laborum sit cillum sint officia enim veniam ipsum. Laboris anim voluptate fugiat, id laborum proident eiusmod.',4,'2024-12-02'),
(71,5,12,'Est aliquip adipiscing lorem pariatur. Sit eiusmod id excepteur ex dolore labore mollit, deserunt dolor velit aute occaecat voluptate magna. Amet ipsum id irure deserunt officia adipiscing elit, dolor laboris consequat velit. Elit elit minim qui esse sit, elit nisi dolore labore culpa esse sit et.',3,'2024-12-02'),
(72,14,13,'Magna magna culpa consectetur magna eiusmod. Anim ea amet ipsum reprehenderit qui minim occaecat. Velit voluptate enim esse qui eiusmod. Lorem aliqua cillum minim sed nisi. Commodo occaecat fugiat anim excepteur enim, quis magna irure et cupidatat sit veniam ullamco, sint dolore ad et quis incididunt sed.',4,'2024-12-02'),
(73,15,13,'Mollit consequat aliqua dolore. Esse mollit qui labore elit in ex sunt, sunt officia deserunt nisi ut ad. Nulla est culpa culpa sint mollit, est sunt dolor et in ex aute lorem, est magna aliqua occaecat qui.',1,'2024-12-02'),
(74,18,13,'Mollit proident ad ullamco irure ex cupidatat ut. Consequat ut nulla anim eu sint ipsum. Anim sed ipsum nisi.',3,'2024-12-02'),
(75,12,13,'Cupidatat sunt culpa non dolore elit, sit reprehenderit proident ea culpa. Elit nulla et labore incididunt incididunt. Quis cillum deserunt ad aliqua occaecat.',4,'2024-12-02'),
(76,6,13,'Esse ut dolore amet enim pariatur ea. Id culpa sunt excepteur reprehenderit et sunt. Eu velit dolore tempor consectetur adipiscing officia irure, quis sed amet exercitation esse.',5,'2024-12-02'),
(77,5,14,'Non cillum mollit consequat. Eu pariatur sit adipiscing cillum ex ex, labore officia eiusmod ut ut, laboris pariatur aute exercitation excepteur aliquip nulla. In cillum minim sit cillum ullamco. Ex non commodo cillum esse esse.',1,'2024-12-02'),
(78,1,14,'Ipsum labore elit in voluptate fugiat, minim incididunt id esse. Et nulla dolor irure dolore est deserunt. Nulla id esse nostrud minim dolore excepteur, cupidatat est sint commodo deserunt ad consectetur lorem. Enim minim ad elit nisi.',1,'2024-12-02'),
(79,20,14,'Nulla sed veniam ipsum sit mollit proident, elit ut ex exercitation pariatur duis sit lorem. Proident non ex aliqua fugiat dolor nisi commodo. Mollit commodo ipsum in.',2,'2024-12-02'),
(80,19,14,'In cillum culpa anim aute in officia. Mollit et qui elit eiusmod officia, excepteur deserunt tempor ullamco sit voluptate sed. Proident sint ea ut enim.',3,'2024-12-02'),
(81,20,14,'Aliqua commodo lorem exercitation aliquip exercitation. Proident fugiat officia duis occaecat reprehenderit. Nisi non ad nostrud, ea occaecat duis proident cupidatat laborum incididunt, tempor id excepteur nostrud adipiscing.',2,'2024-12-02'),
(82,4,15,'Irure laborum occaecat fugiat proident et sed. Voluptate quis voluptate sed aute minim dolore esse, laboris lorem eiusmod qui esse. Enim duis proident culpa quis ea nulla, reprehenderit nisi dolore incididunt labore officia esse.',2,'2024-12-02'),
(83,13,15,'Officia sed incididunt reprehenderit magna quis minim esse. Ex ut non elit occaecat. Lorem pariatur culpa non sed commodo. Eiusmod commodo aliquip lorem esse laboris. Consectetur ea enim commodo velit exercitation aute, fugiat et aliquip magna lorem eu voluptate sunt.',4,'2024-12-02'),
(84,6,15,'Nulla aliqua duis proident, velit aliqua veniam excepteur, pariatur sunt ex non ipsum sint. Sunt officia elit fugiat ullamco anim qui incididunt. Et ipsum ea exercitation reprehenderit, deserunt reprehenderit elit culpa sit ea. Fugiat commodo amet sit nisi sint pariatur, occaecat ipsum cupidatat non eu mollit excepteur ex.',5,'2024-12-02'),
(85,7,15,'Elit deserunt sint lorem. Ad do ea incididunt amet irure amet. Voluptate aliqua nostrud dolor cillum qui non cupidatat.',5,'2024-12-02'),
(86,1,15,'Dolor culpa aliquip sed quis. Consectetur aliqua duis cillum fugiat duis adipiscing enim. Ex non et esse aliquip esse ipsum, ea minim commodo cupidatat irure laborum eiusmod aliqua, duis commodo ad deserunt laborum proident adipiscing. Eiusmod dolore officia anim et ad sunt.',5,'2024-12-02'),
(87,14,16,'Ad pariatur dolore est aliqua cupidatat commodo ut, sunt labore veniam nulla, excepteur consectetur dolore sit incididunt exercitation aliquip. Ex laborum magna magna aute irure enim cillum, cupidatat ipsum ut irure dolor occaecat. Sed anim ipsum commodo excepteur, aliquip mollit nulla cupidatat.',4,'2024-12-02'),
(88,7,16,'Laborum mollit nulla quis quis in amet ex. Officia ad sit cillum deserunt, officia eiusmod cupidatat aliqua fugiat culpa et. Nisi ullamco irure adipiscing excepteur.',2,'2024-12-02'),
(89,19,16,'Proident eu et sit magna do occaecat irure. Quis magna adipiscing duis eiusmod do lorem sit. Nostrud cupidatat est incididunt occaecat esse, ut amet ullamco deserunt tempor adipiscing, sit aliqua minim dolore reprehenderit sint labore esse.',2,'2024-12-02'),
(90,16,16,'Aute ea ut laboris cillum fugiat mollit reprehenderit. Reprehenderit consequat dolore laborum. Excepteur consectetur qui nulla aute nisi esse, sed amet exercitation ex pariatur velit labore duis. Nostrud aliquip adipiscing culpa quis. Incididunt aliquip do officia ullamco.',1,'2024-12-02'),
(91,7,16,'Ad veniam laborum velit proident veniam anim minim. In aute non qui, deserunt id excepteur irure id amet magna. Laboris adipiscing in adipiscing ipsum ullamco, cillum eiusmod sint reprehenderit officia non excepteur. Irure officia ut aliqua id. Dolor in do nisi ea deserunt dolor.',5,'2024-12-02'),
(92,5,17,'Et sed sint lorem elit veniam. Ad incididunt aute occaecat. Culpa tempor aliqua excepteur ea id. Nostrud duis enim sunt incididunt lorem id. Aliquip tempor cillum esse deserunt, reprehenderit lorem dolore adipiscing do.',5,'2024-12-02'),
(93,10,17,'Elit proident velit consequat, commodo ex voluptate anim non pariatur consectetur, in veniam aute eiusmod fugiat. Eiusmod aliqua fugiat quis cupidatat et. Non ex nulla voluptate aliquip. Veniam sit ullamco sit, sed commodo id pariatur minim elit.',3,'2024-12-02'),
(94,17,17,'Dolore consectetur ex tempor ad cillum, ut veniam enim do ullamco. Veniam ullamco dolore elit. Amet anim exercitation culpa, lorem voluptate laboris velit est.',1,'2024-12-02'),
(95,3,17,'Ullamco pariatur cillum cupidatat nisi, culpa excepteur mollit culpa eiusmod, cillum et laborum reprehenderit. Esse cupidatat qui dolor pariatur consequat, incididunt tempor sunt deserunt lorem laborum proident. Aute amet cupidatat et mollit anim, id deserunt aliquip deserunt, dolore consectetur lorem sed proident dolore cupidatat. Dolor qui enim non quis laboris.',3,'2024-12-02'),
(96,6,17,'Mollit id elit cupidatat pariatur duis aute. Laboris duis excepteur aliquip, in irure ea id, ullamco nisi ut laboris dolor aute. Lorem deserunt anim aute.',5,'2024-12-02'),
(97,18,18,'Sit exercitation irure magna officia ut, exercitation esse commodo duis veniam duis aute adipiscing. Non ea officia deserunt et. Incididunt do ad amet, qui dolor amet quis.',3,'2024-12-02'),
(98,16,18,'Sit nostrud culpa minim id et. Do veniam dolor cupidatat. Cupidatat excepteur ad magna velit, in dolore aliquip ipsum. Nulla dolor cillum eiusmod.',2,'2024-12-02'),
(99,15,18,'Ex ipsum commodo laboris voluptate consequat labore sunt, nulla mollit incididunt ullamco commodo tempor. Anim et culpa excepteur enim, cupidatat id est labore enim. Consequat magna cillum commodo consectetur in sed ut.',1,'2024-12-02'),
(100,17,18,'Cillum enim quis pariatur nisi, duis duis lorem voluptate duis. Nisi dolor sint veniam sint magna id. Eu non non reprehenderit tempor cillum ea exercitation. In deserunt est aute occaecat amet fugiat. Duis nostrud ut officia.',3,'2024-12-02'),
(101,12,18,'Qui aliqua nostrud ipsum esse commodo elit reprehenderit. Aliquip irure nulla irure fugiat ex nisi eiusmod. Nisi irure ut occaecat sunt sed nostrud deserunt, magna enim nostrud deserunt aute.',5,'2024-12-02'),
(102,6,19,'Proident irure non lorem dolore amet consequat id. Consectetur aute minim ullamco nulla anim. Tempor velit ullamco minim. Labore amet id irure.',3,'2024-12-02'),
(103,4,19,'Occaecat ipsum sed dolor irure voluptate, nulla voluptate exercitation officia est dolore. Nulla pariatur quis officia eiusmod in, dolor laboris officia pariatur reprehenderit exercitation excepteur. Tempor dolor sunt exercitation aute.',4,'2024-12-02'),
(104,13,19,'Irure cillum dolore consequat do, nisi sint aute tempor consequat deserunt id. Incididunt excepteur laborum magna, elit eu pariatur ea excepteur consequat. In fugiat cupidatat exercitation voluptate irure consequat. Enim ullamco velit consectetur pariatur aliquip.',1,'2024-12-02'),
(105,5,19,'Labore labore in ea irure pariatur. Dolore tempor reprehenderit incididunt qui aliquip, dolor fugiat ullamco labore dolor nisi id excepteur. Sed qui do sunt lorem fugiat laboris. Consequat laboris tempor dolor nostrud excepteur dolor, irure labore sunt incididunt reprehenderit incididunt qui incididunt. In sunt id nulla quis commodo aliqua ex, ad anim culpa sint lorem, est sint voluptate sed laboris duis deserunt.',5,'2024-12-02'),
(106,6,19,'Minim et nulla duis, ut amet aute eiusmod veniam. Laboris non minim ut voluptate consequat aliquip dolor. Excepteur excepteur magna aliquip est. Sint ad labore enim anim aute velit magna.',3,'2024-12-02'),
(107,16,20,'Officia ad sint officia eu laboris, laborum exercitation minim voluptate elit nostrud adipiscing, sed eu magna lorem eu. Incididunt non qui ut tempor sunt commodo. Aliqua ex adipiscing ex exercitation eu. Quis veniam duis tempor, dolore ad ex irure, eiusmod lorem qui occaecat sit consequat. Occaecat dolor qui laboris minim deserunt, cillum labore et duis irure in.',1,'2024-12-02'),
(108,12,20,'Qui aliquip duis id aliquip anim. Duis ea officia lorem labore nisi proident. Sunt occaecat exercitation magna. Magna duis magna magna id magna.',5,'2024-12-02'),
(109,8,20,'Nostrud eiusmod irure aliquip mollit reprehenderit reprehenderit. Nisi nostrud laboris laborum. Enim aliqua quis labore nulla id incididunt. Nulla aliquip culpa aute incididunt duis, eu amet irure aliqua do nostrud ullamco, occaecat proident reprehenderit nisi mollit nisi ex non.',2,'2024-12-02'),
(110,6,20,'Adipiscing consequat incididunt sed elit, fugiat exercitation enim sunt veniam sunt. Nisi occaecat ad sit, irure laboris et mollit culpa consectetur. Excepteur adipiscing eu officia consequat laboris.',1,'2024-12-02'),
(111,20,20,'Fugiat aliquip do et, et anim enim culpa culpa. Aute enim sed nulla, sed commodo consectetur qui aliquip ad. Eu anim deserunt lorem incididunt. Culpa laboris ea ullamco id ullamco sint in. Culpa eu ea fugiat.',1,'2024-12-02'),
(112,13,21,'Officia eiusmod lorem do, id excepteur duis consequat, ullamco labore do ut. Eu consectetur magna ut aliqua sint fugiat voluptate. Pariatur occaecat eu ex ea. Adipiscing tempor consequat commodo exercitation et esse.',5,'2024-12-02'),
(113,17,21,'Tempor qui sunt amet. Pariatur occaecat ipsum ipsum sed occaecat. Ex fugiat nulla excepteur proident sunt aliquip.',3,'2024-12-02'),
(114,19,21,'Cillum sint nisi aliqua in non, sunt tempor enim non, minim irure anim labore aliquip culpa. Sed occaecat voluptate ut. Pariatur ipsum sunt eiusmod incididunt duis aute.',4,'2024-12-02'),
(115,19,21,'Deserunt magna esse consectetur minim aute sint consectetur. Proident aliqua eiusmod veniam velit nulla, sunt qui elit id nulla voluptate aliquip ea, consectetur aliquip cillum elit aliquip veniam. Aute qui anim sed occaecat eiusmod cillum. Consectetur do irure est laborum deserunt.',3,'2024-12-02'),
(116,14,21,'Nulla aliquip mollit mollit et eu, exercitation proident eiusmod mollit id esse cupidatat. Laboris fugiat duis aliquip deserunt fugiat sint cillum, exercitation sed culpa mollit cillum. Ad ullamco laboris ad. Aliquip quis nisi tempor commodo aute.',1,'2024-12-02'),
(117,10,22,'Laboris irure laboris fugiat amet qui ut, tempor deserunt officia cupidatat ipsum veniam sunt consectetur. Ipsum et anim cupidatat. Nisi exercitation quis exercitation mollit ad est qui.',3,'2024-12-02'),
(118,17,22,'Do dolore ex anim ut. Sunt sit veniam proident nulla voluptate, laboris esse ullamco voluptate officia exercitation. Ex nostrud pariatur dolor non est deserunt, esse sunt deserunt sit pariatur minim quis. Sunt ea labore nostrud labore ea.',3,'2024-12-02'),
(119,9,22,'Minim non nostrud reprehenderit laborum dolor ex, occaecat do sunt sit. Tempor laborum sit elit quis consequat culpa. Ut ea quis velit. Ut ipsum incididunt est officia.',2,'2024-12-02'),
(120,2,22,'Laboris amet elit esse non do adipiscing occaecat. Est eu incididunt irure eiusmod irure sunt. Cillum esse do ad aliqua nulla adipiscing anim.',2,'2024-12-02'),
(121,17,22,'Incididunt nulla laborum duis pariatur enim, ullamco qui sit aute minim minim nulla. Id ex ea magna. Do sunt nostrud ad reprehenderit nisi, ullamco commodo cillum qui id magna in, nisi ipsum adipiscing ad eiusmod eu enim. Consectetur laborum excepteur eu eiusmod consectetur qui, magna consectetur enim nulla, dolore proident eiusmod culpa id sint. Occaecat eu elit laboris consectetur sed, reprehenderit eu occaecat mollit anim esse nisi pariatur.',5,'2024-12-02'),
(122,1,23,'Commodo aliqua tempor ullamco ullamco, amet in amet mollit esse, sint dolor ipsum non eiusmod. Proident enim officia laboris enim, laboris commodo magna dolor occaecat minim nulla. Laborum id ullamco quis reprehenderit consectetur ut. Nisi aliquip culpa pariatur fugiat dolore id.',2,'2024-12-02'),
(123,5,23,'Proident laboris aute sint fugiat sed. Laborum exercitation dolor duis. Eiusmod mollit irure velit qui. Magna sint sunt consequat adipiscing.',3,'2024-12-02'),
(124,14,23,'Incididunt magna nostrud sint in. Magna excepteur veniam mollit elit voluptate sunt commodo. Esse aute ad adipiscing id culpa. Est ipsum sit sunt proident. Ipsum ipsum voluptate in ea est elit.',5,'2024-12-02'),
(125,7,23,'Proident consectetur laboris nisi excepteur ex aute labore. Ipsum esse veniam magna anim do dolor, do excepteur sed nulla sunt eu adipiscing, minim dolore reprehenderit non. Sunt ullamco occaecat eu.',1,'2024-12-02'),
(126,16,23,'Consectetur ea incididunt dolore. Enim magna nulla culpa et. Quis non qui occaecat id, dolor ea ex sed voluptate, est nulla ut tempor deserunt reprehenderit dolore. Et lorem dolor ipsum non. Consequat amet dolor consequat cillum mollit.',5,'2024-12-02'),
(127,16,24,'Magna proident in nulla ad sed et. Minim et excepteur laboris nulla, velit incididunt cupidatat proident irure qui. Pariatur proident ut do voluptate, consequat dolor consequat sunt do.',1,'2024-12-02'),
(128,8,24,'Dolore nisi magna in laborum elit nulla. Laboris eiusmod officia excepteur sint eiusmod. Cillum irure ad sint.',5,'2024-12-02'),
(129,19,24,'Reprehenderit cillum dolore quis. Aliquip in nostrud laborum excepteur. Est pariatur sint aliqua. Ea duis labore do sed dolor sed.',5,'2024-12-02'),
(130,9,24,'Duis officia nostrud laborum non. Velit sint est in laborum. Pariatur cupidatat ullamco id proident, aliqua nisi irure labore. Et aliqua aliquip enim ex cupidatat.',2,'2024-12-02'),
(131,7,24,'Duis mollit occaecat qui magna officia sed. Velit incididunt consectetur incididunt commodo adipiscing nisi in. Ad minim qui veniam culpa fugiat, elit duis nulla velit cillum aliquip. Proident ullamco minim do. Aliqua incididunt officia aliquip cillum proident ad sit, eu mollit id eu ad dolor est ipsum.',3,'2024-12-02'),
(132,20,25,'Culpa proident cupidatat elit est culpa dolor, duis non incididunt nulla mollit, deserunt in elit nostrud ipsum dolore culpa occaecat. Veniam do sunt consectetur sed anim. Nostrud minim quis anim enim in non incididunt.',5,'2024-12-02'),
(133,16,25,'Nostrud cillum ullamco officia sed. Et sit dolor ad est mollit ea exercitation. Nostrud do mollit est ea nisi ex ex.',2,'2024-12-02'),
(134,12,25,'Laborum veniam enim aute ad. Excepteur aliquip exercitation sit cillum duis nostrud, amet ex incididunt reprehenderit. Qui est sed nostrud culpa.',3,'2024-12-02'),
(135,5,25,'Laboris elit nisi mollit mollit amet ex, in officia fugiat in dolor. Do cillum id sit aute irure. Veniam pariatur ipsum lorem et ipsum reprehenderit, et ea laboris cupidatat do. Id laborum deserunt ullamco aliqua proident fugiat qui, et velit ipsum anim voluptate magna culpa, id eiusmod occaecat commodo minim. Incididunt aliquip enim tempor.',2,'2024-12-02'),
(136,5,25,'Adipiscing nulla id magna. Esse in commodo veniam irure sunt in aliqua. Qui lorem dolor aute adipiscing cillum exercitation eiusmod. Ullamco irure excepteur irure id pariatur dolore eu. Proident pariatur veniam proident aliqua.',2,'2024-12-02'),
(137,5,26,'Mollit duis sint proident. Sunt ipsum ullamco eiusmod dolore minim labore sed. Voluptate consequat est excepteur aliqua dolor elit ipsum. Aliqua dolor ut elit. Nisi ea esse nulla.',2,'2024-12-02'),
(138,12,26,'Excepteur nisi reprehenderit aute qui sit. Sint aliqua cillum magna. Duis fugiat ullamco consectetur elit, dolore nostrud eiusmod dolore, consequat esse magna veniam.',1,'2024-12-02'),
(139,11,26,'Consectetur aliquip aute enim voluptate culpa cillum. Voluptate sit minim sed. Magna adipiscing ut duis amet ut tempor ullamco, anim adipiscing proident aliquip minim voluptate incididunt. Non excepteur aliquip aute ea nulla consectetur cupidatat.',2,'2024-12-02'),
(140,7,26,'Excepteur nisi labore laboris in excepteur lorem, ea ut aliquip pariatur ea consequat cupidatat. Aliqua do in duis, qui ad lorem irure irure excepteur est esse. Ea qui dolor pariatur ut est. Voluptate sint et ut. Excepteur quis ad enim reprehenderit, qui culpa aliqua tempor id nostrud dolore.',1,'2024-12-02'),
(141,11,26,'Consequat culpa velit ea laboris. Esse dolore sit exercitation id sed tempor. Elit ullamco sit exercitation commodo fugiat ut incididunt, ullamco non ea minim aute ex reprehenderit. Id dolore anim magna anim nisi reprehenderit.',4,'2024-12-02'),
(142,15,27,'Mollit labore sint culpa. Sit aliquip sed dolore aliqua aliquip qui, nulla adipiscing ad ullamco veniam. Tempor cillum sed nulla quis do, quis cillum magna laboris ipsum minim elit, eu velit consectetur et ea. Pariatur laborum officia dolor lorem id irure do.',3,'2024-12-02'),
(143,6,27,'Veniam nostrud et cillum magna laboris. Sint officia ut amet cupidatat quis, mollit esse laborum incididunt. Ullamco occaecat aliqua proident ea irure proident esse, aliqua duis non est. Ut amet in proident adipiscing veniam.',5,'2024-12-02'),
(144,2,27,'Amet sint nisi sit sunt aliqua. Id duis sit nisi duis est officia. Duis esse do aliqua aute. Nulla est veniam esse sed magna sint. Sed enim magna ex lorem mollit est.',3,'2024-12-02'),
(145,5,27,'Commodo ex sit aute. Et ipsum sint dolor. Magna ex commodo do proident do exercitation.',2,'2024-12-02'),
(146,7,27,'Laboris labore non amet. Occaecat ipsum do proident commodo consectetur incididunt. Lorem mollit fugiat proident officia. Mollit in nulla tempor.',4,'2024-12-02'),
(147,10,28,'Do exercitation cillum sunt sit excepteur reprehenderit. Minim consequat adipiscing consectetur in irure ipsum, sit in incididunt est exercitation et, occaecat proident non consequat non commodo reprehenderit pariatur. Ullamco veniam reprehenderit elit aute. Ullamco sit nisi nisi do aliquip lorem. Aliqua amet nulla nostrud commodo aliqua.',5,'2024-12-02'),
(148,3,28,'Dolor aute et consequat. Fugiat do id magna, occaecat amet fugiat aliquip pariatur culpa commodo occaecat. Officia lorem pariatur nostrud nostrud, laboris dolore labore in ut sed. Irure consectetur officia exercitation in magna consectetur laboris.',5,'2024-12-02'),
(149,20,28,'Aliqua velit nostrud nulla magna, dolore pariatur veniam enim velit, sunt anim tempor aliquip pariatur nostrud esse. Aliquip excepteur enim mollit pariatur enim mollit do, dolore sint voluptate aliqua ad quis minim, sunt nisi sit pariatur sunt fugiat enim mollit. Anim aliqua reprehenderit mollit commodo id anim minim. Commodo eu mollit commodo quis irure.',3,'2024-12-02'),
(150,9,28,'Ea amet lorem voluptate ut aliquip nisi. Commodo adipiscing dolor culpa, consectetur mollit laboris dolor anim consequat ad. Cupidatat enim deserunt dolor.',3,'2024-12-02'),
(151,1,28,'Anim aute ut esse, nisi quis sit eiusmod incididunt proident veniam ullamco. Nisi amet non officia et nostrud fugiat. Eu cupidatat aliquip velit. Ullamco veniam cupidatat adipiscing aliqua magna magna, ipsum officia officia aliquip ad.',4,'2024-12-02'),
(152,16,29,'Nulla anim exercitation non. Labore do et qui nulla nulla amet voluptate. Lorem aliquip nisi ut proident sed, exercitation ullamco voluptate et ea ut dolor sunt. Cupidatat ut eiusmod lorem, lorem officia sed aliquip sed elit enim sunt. Est ad dolore non exercitation exercitation.',2,'2024-12-02'),
(153,4,29,'Eiusmod non laborum aute mollit ipsum quis velit. Sed commodo irure laborum incididunt fugiat sit. Elit nulla aliquip esse tempor eu. Occaecat excepteur labore consectetur labore. Ea nostrud excepteur reprehenderit.',2,'2024-12-02'),
(154,10,29,'Nostrud fugiat velit enim duis qui amet. Magna labore anim culpa lorem ipsum. Non ullamco amet exercitation eiusmod incididunt, aute officia exercitation eu duis. Lorem et aliquip aliqua.',5,'2024-12-02'),
(155,11,29,'Esse nostrud do anim, mollit nostrud sit anim amet. Dolore nisi do aliquip officia. Commodo amet est amet ipsum magna velit.',2,'2024-12-02'),
(156,18,29,'Cillum tempor ex aute amet deserunt proident occaecat. Aliquip labore adipiscing in laborum ea pariatur fugiat, occaecat ex anim velit laborum id. Voluptate duis ex amet sint laboris, excepteur et ipsum reprehenderit consequat ullamco amet. Irure incididunt ad aliqua dolore cillum, eu commodo anim do, quis fugiat non ullamco dolor officia eiusmod.',3,'2024-12-02'),
(157,7,30,'Aliqua est enim nostrud fugiat duis. Ex incididunt amet elit mollit est est. Laboris dolor veniam sit irure nisi enim enim.',1,'2024-12-02'),
(158,12,30,'Pariatur minim tempor reprehenderit, amet sit dolor non est irure esse. Occaecat ullamco occaecat consectetur eiusmod. Do velit elit qui.',4,'2024-12-02'),
(159,15,30,'Tempor non cupidatat aliquip esse non tempor amet. Occaecat nostrud consectetur nostrud minim exercitation. Consequat voluptate ea fugiat est cillum, in nisi deserunt excepteur minim.',4,'2024-12-02'),
(160,19,30,'Officia culpa tempor lorem esse. Id commodo nulla dolor ipsum amet eiusmod elit, est ut eiusmod magna nulla, consequat consectetur excepteur laboris fugiat eu. Eu dolor do minim.',4,'2024-12-02'),
(161,18,30,'Amet tempor ullamco adipiscing deserunt, culpa tempor fugiat quis ipsum ut adipiscing et, eiusmod mollit exercitation aliqua nostrud esse aliquip exercitation. Pariatur sit minim culpa dolore, ex officia duis non sint proident cupidatat, ex est excepteur tempor anim sunt. Consectetur ullamco mollit dolore eu sed pariatur voluptate. Laborum est labore id sunt tempor, aliquip reprehenderit in nulla veniam laboris magna.',2,'2024-12-02'),
(162,4,31,'Consequat aliquip fugiat excepteur, eu est minim ullamco deserunt magna amet lorem. Proident reprehenderit voluptate ullamco cupidatat do, amet cillum mollit consequat dolor. Veniam sint quis ipsum eiusmod est deserunt.',3,'2024-12-02'),
(163,9,31,'Fugiat aliqua voluptate cupidatat sint sit sint, officia aliquip adipiscing ullamco, enim aute consectetur qui dolore qui ut. Et enim ut eiusmod dolore duis. Commodo ullamco sed elit est eu sint sunt. Sed irure velit dolor, mollit dolore nisi ea aliquip.',5,'2024-12-02'),
(164,17,31,'Adipiscing elit aute sint exercitation sint ea. Minim enim sunt est duis officia, exercitation voluptate sit irure ullamco occaecat qui officia. Enim occaecat ut veniam ea fugiat tempor cillum. Cillum id cupidatat proident non, aliquip consectetur ea reprehenderit voluptate laboris ut.',1,'2024-12-02'),
(165,17,31,'Excepteur dolore sint aute culpa exercitation dolor quis. Adipiscing incididunt eiusmod eiusmod duis officia cillum qui. Nulla aliqua laborum ullamco magna culpa fugiat occaecat. Reprehenderit cupidatat dolor irure occaecat.',4,'2024-12-02'),
(166,9,31,'Eiusmod amet eu eiusmod sed, laboris excepteur reprehenderit cillum sit tempor pariatur non. Ut nostrud eu voluptate consectetur culpa, eiusmod irure ea dolor nulla tempor fugiat commodo. Ad ex qui minim pariatur adipiscing exercitation. Sit dolor minim ut mollit veniam consectetur commodo.',5,'2024-12-02'),
(167,3,32,'Enim lorem aliqua labore amet elit. Amet velit nostrud ex. Consectetur aute veniam aute anim, sint velit do ipsum aute duis, deserunt minim sunt incididunt aliqua est ullamco. Pariatur deserunt eu sunt laboris lorem. Id mollit qui aliquip sit lorem do reprehenderit.',2,'2024-12-02'),
(168,17,32,'Sint ullamco reprehenderit reprehenderit magna. Ea excepteur quis excepteur, mollit elit voluptate et ex labore excepteur dolor. Duis deserunt magna consequat non. Consequat sed pariatur magna occaecat exercitation nisi, id cillum et nostrud.',2,'2024-12-02'),
(169,8,32,'Officia cillum tempor eiusmod. Eiusmod reprehenderit in nisi consequat commodo sed. Nisi anim amet adipiscing, anim consequat excepteur lorem. Ut aute consectetur quis minim, officia labore do aliqua qui. Laboris consectetur voluptate quis eu minim quis do.',2,'2024-12-02'),
(170,1,32,'Qui esse labore officia est ad nulla velit. Non ex magna minim veniam adipiscing consectetur aliquip. Voluptate pariatur fugiat et tempor consectetur commodo occaecat.',3,'2024-12-02'),
(171,19,32,'Aliqua laboris est pariatur ut qui quis non. Commodo laborum sunt aute. Reprehenderit ipsum tempor dolor eu. Aute eiusmod ea esse veniam est est.',5,'2024-12-02'),
(172,13,33,'Nostrud nulla aute mollit voluptate veniam velit lorem, excepteur duis mollit culpa non. Nulla proident sit adipiscing occaecat ipsum mollit. Pariatur irure officia ullamco, sunt adipiscing officia cupidatat quis laborum dolor. Nisi nostrud nostrud mollit amet veniam amet lorem, exercitation et eu sint qui.',1,'2024-12-02'),
(173,12,33,'Pariatur quis aute aute dolor, non laborum ut aliquip proident fugiat. Anim reprehenderit excepteur eiusmod nulla est id id. Duis tempor pariatur esse dolor.',4,'2024-12-02'),
(174,4,33,'Nulla occaecat adipiscing consectetur ut, sunt aute pariatur nisi. Nisi dolore aliqua proident eu incididunt. Proident mollit lorem id velit culpa. Proident anim elit ipsum. Labore reprehenderit dolore minim eu eu.',2,'2024-12-02'),
(175,13,33,'Ad sunt quis culpa, voluptate do consectetur amet veniam quis est. Ipsum minim adipiscing est mollit est sunt et. In proident irure laborum aliquip laborum sint sit, velit dolore ex minim ipsum eiusmod esse. Ullamco labore in ut quis. Cupidatat duis sint reprehenderit nisi.',5,'2024-12-02'),
(176,7,33,'Incididunt eu amet qui proident sed ullamco. Et ex cupidatat esse. Pariatur elit qui quis dolor commodo quis.',4,'2024-12-02'),
(177,13,34,'Sunt ut ut occaecat aliqua mollit fugiat laborum. Cupidatat proident proident laborum et nisi laboris. Esse aliqua sint reprehenderit nostrud. Ex duis do ullamco quis qui ad lorem.',1,'2024-12-02'),
(178,8,34,'Lorem nisi veniam pariatur in commodo proident cillum. Consectetur ullamco et pariatur labore est ullamco voluptate, anim dolor ipsum esse. Nulla adipiscing veniam incididunt cillum occaecat proident, consequat irure reprehenderit commodo incididunt veniam velit in. Tempor veniam duis dolor velit reprehenderit pariatur. Cupidatat excepteur eiusmod adipiscing et incididunt.',3,'2024-12-02'),
(179,15,34,'Fugiat do eu pariatur, elit consectetur culpa qui ex. Consectetur cillum officia ullamco ipsum cupidatat fugiat anim, nisi qui lorem anim exercitation. Ut ea ut sint incididunt, nisi officia elit nisi sed. Amet ea occaecat laboris eiusmod elit, voluptate id culpa sunt consequat dolor excepteur.',1,'2024-12-02'),
(180,7,34,'Cupidatat et laborum commodo. Esse et sunt do. Voluptate magna quis elit sunt elit cupidatat in.',3,'2024-12-02'),
(181,12,34,'Deserunt est consequat velit ullamco aliqua irure. Reprehenderit labore veniam excepteur nulla. Culpa consequat nisi proident ad magna, laboris voluptate tempor sunt commodo. Ullamco sed pariatur ad aliqua nulla id, ipsum voluptate cupidatat aute eu deserunt minim aliquip, eu fugiat tempor voluptate. Eiusmod tempor ipsum veniam incididunt irure ad, consectetur quis incididunt non enim exercitation minim.',3,'2024-12-02'),
(182,20,35,'Eu ipsum ipsum labore enim qui esse. Reprehenderit qui cupidatat dolor adipiscing excepteur adipiscing ad, lorem esse ullamco esse occaecat. Exercitation ad do anim magna excepteur labore. Adipiscing fugiat adipiscing cillum ullamco veniam non esse. In anim est esse in ea ipsum.',2,'2024-12-02'),
(183,15,35,'Nulla eu magna tempor sunt. Cillum veniam aute exercitation cillum anim tempor irure. Nisi consequat in ipsum aute et ut. Ex elit velit nulla aliquip. Aliquip aliqua lorem reprehenderit.',4,'2024-12-02'),
(184,17,35,'Et incididunt fugiat veniam anim quis ullamco. Non dolore officia tempor, tempor amet et lorem id. Cupidatat est id sed. Culpa sunt consectetur mollit ex. Nostrud eiusmod et nisi sint velit nisi commodo.',3,'2024-12-02'),
(185,5,35,'Nulla pariatur velit adipiscing cupidatat amet, occaecat velit do ex non reprehenderit, eiusmod non aliqua minim. Dolore occaecat elit dolor dolor pariatur est ullamco. Ea ea velit mollit officia.',1,'2024-12-02'),
(186,17,35,'Sint ullamco veniam consequat nulla, nulla aliquip laboris exercitation minim reprehenderit. Adipiscing sed et sit esse pariatur. Incididunt reprehenderit voluptate nisi et adipiscing reprehenderit proident, minim pariatur nostrud ad est mollit quis est, esse ad minim incididunt magna cupidatat. Qui incididunt adipiscing nulla incididunt mollit.',5,'2024-12-02'),
(187,1,36,'Elit adipiscing est ut eu qui cillum. Proident et laborum voluptate anim tempor. Culpa incididunt reprehenderit tempor ad. Proident sint officia cupidatat amet quis nostrud adipiscing. Est amet laborum elit eiusmod, cillum est ea ex.',4,'2024-12-02'),
(188,13,36,'Esse voluptate incididunt commodo, eu sint tempor ea cupidatat laboris labore nisi, incididunt sint fugiat culpa eiusmod ad aute. Ad mollit ea eiusmod tempor irure velit eiusmod. Mollit pariatur cupidatat culpa voluptate labore ea nulla. Amet nisi excepteur ex in amet aliqua sit, commodo et aliqua id nostrud. Sunt pariatur anim cillum labore laborum adipiscing.',4,'2024-12-02'),
(189,11,36,'Fugiat ex mollit excepteur ullamco. Fugiat ea irure sit, do exercitation irure magna laboris consectetur ad non. Esse aute excepteur non consectetur consectetur amet, deserunt esse officia proident veniam.',1,'2024-12-02'),
(190,2,36,'Quis velit do sit excepteur. Eu sint non velit duis commodo pariatur. Non occaecat lorem anim quis duis laborum. In quis enim cupidatat.',2,'2024-12-02'),
(191,13,36,'Mollit voluptate velit excepteur eiusmod cupidatat, deserunt ex do dolor. Id excepteur et culpa incididunt sit qui. Proident commodo cupidatat sed, qui commodo nisi amet reprehenderit veniam laborum, ex enim quis dolore sint culpa magna lorem. Mollit duis et exercitation. Laborum sint consequat proident enim sed sit qui.',3,'2024-12-02'),
(192,1,37,'Ad culpa do adipiscing non. Quis in reprehenderit esse est elit adipiscing. Cillum enim id id laborum quis sed. Cupidatat duis ea magna nisi officia laborum lorem.',1,'2024-12-02'),
(193,20,37,'Esse commodo non nostrud et adipiscing in irure, consequat nostrud et ut quis velit aliqua. Dolor duis dolor tempor nisi. Anim excepteur duis excepteur dolore adipiscing laboris. Id laboris excepteur officia sed sunt.',4,'2024-12-02'),
(194,15,37,'Culpa adipiscing nisi lorem, sint pariatur amet nisi proident sint, ad adipiscing eu incididunt. Mollit ut dolor laboris aute eu sed cillum. Id commodo sint labore aliqua.',1,'2024-12-02'),
(195,15,37,'Officia dolore mollit velit fugiat eu. Aute eu minim excepteur esse in. Commodo fugiat do in irure velit.',1,'2024-12-02'),
(196,11,37,'In proident laborum adipiscing nostrud. Amet id do consequat officia nisi anim. Voluptate sint dolor laboris ex in.',3,'2024-12-02'),
(197,1,38,'Velit laborum reprehenderit sint culpa voluptate anim. Sint ad do nostrud minim consequat mollit ad. Minim ipsum id ea magna nostrud est irure.',2,'2024-12-02'),
(198,6,38,'Non enim laborum et in id. Deserunt occaecat aliquip ea minim duis sunt deserunt, aliquip deserunt voluptate nulla incididunt nostrud ipsum. Fugiat reprehenderit nisi exercitation non, ullamco mollit officia excepteur ut. Quis sed labore proident amet.',5,'2024-12-02'),
(199,12,38,'Proident aliquip magna amet commodo in ex, pariatur pariatur nulla exercitation nisi. Ex aliqua officia magna quis culpa laborum. Deserunt lorem dolore fugiat adipiscing ex deserunt duis.',5,'2024-12-02'),
(200,20,38,'Labore quis officia esse duis reprehenderit amet nulla. Enim non cillum enim esse ut. Duis tempor ad labore irure tempor dolore do, occaecat id sit sunt culpa commodo consequat deserunt. Incididunt amet anim cupidatat.',2,'2024-12-02'),
(201,8,38,'Magna nostrud duis aliqua sit. Sit sint dolore duis laboris mollit do, in commodo est minim quis. Reprehenderit est proident ipsum.',1,'2024-12-02'),
(202,13,39,'Id non ea cupidatat occaecat excepteur, ea nulla elit cupidatat consectetur aute nostrud culpa. Pariatur labore deserunt amet. Id aliquip laboris lorem et dolor enim, adipiscing laborum consequat elit. Eu ad nulla mollit. Dolore eiusmod labore fugiat veniam eu minim eu, anim nulla ea ipsum sint nulla.',2,'2024-12-02'),
(203,10,39,'Reprehenderit nulla minim ipsum dolor. Laboris ea aliqua eiusmod sunt, dolore sit laborum dolor ex dolore esse aliquip. Sunt lorem exercitation irure nostrud ullamco, occaecat ut dolore ipsum eu adipiscing officia esse. Magna minim mollit esse ea. Esse consectetur ex officia elit irure.',2,'2024-12-02'),
(204,12,39,'Adipiscing quis qui deserunt tempor nisi lorem ut. Duis reprehenderit excepteur excepteur, cillum nulla officia pariatur dolor. Adipiscing cillum enim aliqua cillum. Velit amet eu pariatur minim tempor nisi. Occaecat veniam ullamco exercitation sed in culpa.',1,'2024-12-02'),
(205,2,39,'Tempor commodo voluptate laborum in cillum dolore esse. Ut velit elit commodo ipsum labore sit ea. In aliquip eiusmod reprehenderit.',5,'2024-12-02'),
(206,10,39,'Et et anim id magna nostrud proident occaecat. Magna eu dolor velit est enim, ad minim aliqua aliquip dolor. Mollit irure culpa laboris proident officia fugiat sunt, laborum nisi lorem deserunt nostrud laborum sint. Dolor non duis adipiscing ex esse. Dolor nisi veniam ea cupidatat ullamco dolore sint, nostrud consequat et consectetur sit exercitation proident, consectetur adipiscing nulla lorem.',5,'2024-12-02'),
(207,18,40,'Sit tempor labore ex non lorem, irure velit in ea, exercitation commodo veniam aute est enim voluptate. Duis id ut eiusmod deserunt qui est, duis pariatur ad officia est, laboris voluptate duis ipsum quis ea. Eiusmod sint adipiscing voluptate veniam duis, nostrud aliqua et reprehenderit velit nostrud. Nisi tempor adipiscing proident cupidatat ex ea velit. Ex do adipiscing eiusmod.',3,'2024-12-02'),
(208,1,40,'Enim quis eu est nostrud ipsum culpa, officia dolore ad est adipiscing. Officia consequat anim irure cillum. Cupidatat labore nulla laborum exercitation culpa laboris eiusmod. Excepteur mollit cupidatat sint aute consequat, veniam pariatur culpa nulla. Nostrud pariatur anim commodo eu.',5,'2024-12-02'),
(209,8,40,'Sit veniam non adipiscing velit eu excepteur esse, id sit aliquip exercitation. Est sunt dolor minim aliqua consequat in duis. Mollit occaecat nulla cupidatat.',1,'2024-12-02'),
(210,15,40,'Ipsum enim officia mollit. Nisi labore cupidatat velit. Duis eu dolor fugiat, eiusmod culpa dolor labore, consequat ex nostrud et voluptate officia tempor duis.',5,'2024-12-02'),
(211,1,40,'Enim cillum incididunt qui minim sed id. Ea anim voluptate esse sunt dolor aute elit. Fugiat est nulla labore sed est sint ea. Dolore incididunt amet reprehenderit elit reprehenderit consequat. Amet commodo enim officia adipiscing excepteur fugiat excepteur, deserunt reprehenderit qui nulla consequat minim ad duis.',2,'2024-12-02'),
(212,18,41,'In dolore amet nulla laboris labore, aliqua cupidatat laborum mollit lorem ullamco sunt. Ut lorem irure occaecat eu mollit nulla elit, non nostrud est mollit enim mollit dolor incididunt, non non ex occaecat dolore voluptate consequat cillum. Non aute sit ex, ut adipiscing culpa cillum cillum minim. Reprehenderit duis nisi enim minim eu enim.',2,'2024-12-02'),
(213,17,41,'Est anim sit occaecat reprehenderit commodo incididunt. Adipiscing incididunt dolor veniam. Sed laboris nisi sed esse.',2,'2024-12-02'),
(214,14,41,'Et ipsum laboris magna magna dolor in. Do occaecat exercitation veniam tempor, aliquip ipsum mollit adipiscing consectetur sint ut pariatur, magna reprehenderit proident irure. Ad incididunt consequat ea, veniam aute adipiscing cupidatat labore. Ipsum amet duis eu magna aliqua sit dolor. Est laborum minim est ex, non laborum et reprehenderit duis id.',1,'2024-12-02'),
(215,15,41,'Labore aliquip dolor dolor laboris occaecat ex. Qui ex ipsum pariatur veniam aliquip ut lorem, minim lorem exercitation dolore qui, irure reprehenderit voluptate fugiat enim eiusmod elit ea. Commodo nulla esse dolor eiusmod, ea excepteur in fugiat officia excepteur, veniam sed voluptate labore id. Occaecat officia in elit excepteur, eu veniam pariatur irure et adipiscing incididunt.',2,'2024-12-02'),
(216,17,41,'Et aute reprehenderit elit magna occaecat, voluptate cillum pariatur aute culpa dolor nisi, excepteur est cupidatat ea excepteur eiusmod dolore dolor. Fugiat proident excepteur laborum labore. Aute nulla lorem ullamco, commodo laborum voluptate occaecat.',1,'2024-12-02'),
(217,18,42,'Do quis cillum lorem cupidatat tempor. Laborum enim esse mollit reprehenderit. Proident voluptate sunt voluptate.',2,'2024-12-02'),
(218,5,42,'Proident qui laborum cupidatat eiusmod nostrud magna ea. Duis anim magna pariatur eu. Enim consectetur sed ipsum commodo magna dolore ea, culpa non cupidatat cupidatat est id.',3,'2024-12-02'),
(219,6,42,'Mollit non cillum laborum ullamco ea ullamco voluptate, duis proident labore deserunt irure. Minim nostrud nulla incididunt proident id ad fugiat. Excepteur esse laborum excepteur, eiusmod elit lorem ut sunt eu magna lorem. Anim culpa eu qui.',5,'2024-12-02'),
(220,20,42,'Voluptate et occaecat veniam. Quis laboris nulla quis velit excepteur. Quis eiusmod laborum exercitation laborum sit, anim consectetur consectetur qui pariatur.',1,'2024-12-02'),
(221,15,42,'Cillum non lorem qui dolore reprehenderit. Exercitation deserunt pariatur ut cillum sunt. Qui ad dolor excepteur consequat qui sint, incididunt amet veniam non nostrud duis et dolore, elit quis veniam enim enim culpa. Non ullamco ullamco adipiscing do sunt nulla, laborum aliqua cillum commodo cillum officia mollit culpa. Magna duis occaecat laboris quis pariatur et in.',3,'2024-12-02'),
(222,12,43,'Consectetur sint enim enim. Voluptate elit ipsum consectetur et aliquip fugiat. Excepteur elit duis occaecat cillum mollit velit ea.',4,'2024-12-02'),
(223,4,43,'Aute cillum qui enim dolor cupidatat lorem. Lorem qui elit minim quis eu est sunt. Ut quis ullamco ad est cupidatat mollit duis, non quis reprehenderit officia nisi ea. Sunt irure cillum elit incididunt. Duis non pariatur fugiat anim.',1,'2024-12-02'),
(224,2,43,'Amet excepteur irure veniam deserunt proident voluptate. Ipsum excepteur qui magna, exercitation excepteur occaecat mollit occaecat, ullamco eiusmod nostrud exercitation. Pariatur sint officia nostrud. Ad aliqua elit proident pariatur enim labore. Mollit magna anim cillum, amet aliqua anim dolor id amet velit consectetur.',4,'2024-12-02'),
(225,17,43,'Irure consequat duis velit cillum eiusmod do. Anim magna sunt aute enim nostrud laborum. Et consectetur fugiat amet sed dolor sint minim. Do incididunt sunt ex reprehenderit.',1,'2024-12-02'),
(226,20,43,'Sint velit ex tempor. In deserunt cupidatat esse ipsum. Officia incididunt irure labore amet sunt ut. Qui aliqua cillum non sunt sint ut aliquip. Dolor eu non adipiscing irure ullamco deserunt anim.',1,'2024-12-02'),
(227,9,44,'Consequat voluptate sint quis duis. Esse ullamco sunt amet elit ut aliquip sed, anim velit labore aute, laborum do incididunt duis aliqua. Id labore officia aliquip nulla sunt, ad magna aliquip cillum ea. Mollit irure esse nulla pariatur mollit sunt consequat.',5,'2024-12-02'),
(228,12,44,'Minim cupidatat ex dolore sed velit adipiscing non. Voluptate aliquip do id et consectetur, excepteur nisi occaecat laboris eiusmod enim. Nulla nisi consectetur aute culpa nisi est officia, id ullamco ea dolor ut.',3,'2024-12-02'),
(229,12,44,'Labore consectetur reprehenderit proident excepteur. Ipsum nulla incididunt nostrud. Non culpa aliqua cillum occaecat officia nulla nisi. Magna aliqua magna irure.',3,'2024-12-02'),
(230,18,44,'Reprehenderit do consequat consectetur sed, excepteur occaecat incididunt laborum. Aute non proident laborum consectetur fugiat lorem nulla, occaecat eu minim magna esse ex do duis, velit velit excepteur velit non consequat. Sit minim exercitation cupidatat eiusmod veniam, aliqua magna reprehenderit fugiat est, minim elit amet nisi.',4,'2024-12-02'),
(231,2,44,'Pariatur commodo commodo lorem occaecat magna. Sint laborum aliqua minim consectetur consequat, culpa consectetur aute cupidatat. Ad ut aute aute consequat proident irure nisi. Dolore pariatur ullamco irure dolore laboris ad velit.',4,'2024-12-02'),
(232,18,45,'Occaecat officia sunt consequat officia. Mollit nostrud culpa minim laboris lorem aute consequat. Et elit aliqua do amet aliquip ipsum cillum.',3,'2024-12-02'),
(233,4,45,'Et voluptate non incididunt lorem incididunt mollit aliqua, pariatur ad ex fugiat. Magna est irure cupidatat nisi nostrud ea pariatur. Pariatur culpa irure reprehenderit. Velit incididunt reprehenderit excepteur proident, qui culpa labore in consectetur nulla. Consequat ipsum ex est laboris enim, magna incididunt voluptate ad commodo tempor.',1,'2024-12-02'),
(234,15,45,'Anim minim nostrud esse enim officia deserunt incididunt. Pariatur esse veniam proident aute aliquip amet ut. Sed ex reprehenderit aute ullamco, eiusmod eu id quis. Consectetur irure consectetur nisi ipsum consectetur proident laborum, esse pariatur ad voluptate enim. Dolore sit fugiat cillum veniam adipiscing nulla, aute minim magna ipsum cupidatat adipiscing laboris laboris, voluptate qui culpa pariatur eiusmod enim eiusmod deserunt.',2,'2024-12-02'),
(235,13,45,'Ipsum dolor veniam cillum duis proident sint, culpa proident dolor elit culpa laborum. Cupidatat in minim consectetur. Fugiat pariatur voluptate ea dolor non. Lorem mollit incididunt tempor, ex ut duis minim esse minim consequat eu. Laboris nisi ex id ipsum et do dolore.',4,'2024-12-02'),
(236,9,45,'Esse exercitation fugiat irure pariatur. Ut eu lorem nostrud sunt in commodo, dolore exercitation mollit non elit. Do non irure laborum anim exercitation duis reprehenderit. Duis eu ullamco pariatur qui sunt laborum.',2,'2024-12-02'),
(237,1,46,'Nisi deserunt magna sit tempor. Qui reprehenderit id consectetur quis sit. Esse officia enim enim, exercitation nulla amet eu nisi consequat.',3,'2024-12-02'),
(238,2,46,'Excepteur cillum eu culpa cupidatat. Proident laborum sed ad aute pariatur labore ut. Tempor dolor pariatur cupidatat, ullamco occaecat mollit ex occaecat ea, sit est minim ipsum ut ea. Amet sed id voluptate anim laborum, commodo eiusmod eiusmod occaecat sed excepteur. Sint est nostrud ipsum ullamco dolor.',3,'2024-12-02'),
(239,14,46,'Dolor irure elit nisi ea sit deserunt. Esse nisi in sint officia sunt, nostrud nulla labore officia, velit eu fugiat non. Proident tempor duis commodo. Nisi cillum eu enim pariatur in.',1,'2024-12-02'),
(240,16,46,'Anim ea voluptate quis in eu, voluptate mollit eiusmod nostrud eiusmod ullamco labore laboris. Cupidatat eu in ad consectetur consectetur nostrud culpa, eu aliquip esse ad, velit laboris anim lorem officia nisi quis. Nisi in non magna consectetur minim.',2,'2024-12-02'),
(241,7,46,'Elit deserunt fugiat cupidatat qui fugiat reprehenderit sint. Id enim proident nostrud adipiscing. Do pariatur nulla adipiscing. Incididunt reprehenderit commodo sunt.',5,'2024-12-02'),
(242,18,47,'Magna occaecat voluptate sint do nulla. Reprehenderit deserunt non quis cupidatat eiusmod voluptate qui. Incididunt eu excepteur eu nostrud velit sed exercitation. Do irure in minim proident dolor veniam, et sint esse mollit incididunt esse ullamco.',3,'2024-12-02'),
(243,11,47,'Id velit incididunt culpa consectetur, qui culpa nulla aliqua veniam qui consequat. Exercitation et est est exercitation exercitation qui. Amet sint velit id qui excepteur proident labore. Cupidatat veniam id reprehenderit deserunt adipiscing. Deserunt eiusmod eiusmod nisi ex.',3,'2024-12-02'),
(244,4,47,'Aliqua ullamco consequat tempor laboris tempor sed, fugiat culpa id tempor ad consequat sunt. Nisi sit minim exercitation incididunt. Labore sed cillum anim ad eiusmod proident deserunt, aliqua anim sed dolore aliqua deserunt cupidatat, sit labore labore officia ipsum ex. Sunt irure nostrud sit, ut consequat ad incididunt culpa ea. Eiusmod enim commodo aliquip cillum cupidatat tempor.',1,'2024-12-02'),
(245,19,47,'Excepteur laborum aute labore excepteur. In ut eu eiusmod anim minim enim lorem. Non exercitation ex consectetur, pariatur pariatur mollit in cupidatat irure commodo aute. Velit veniam duis consequat, veniam qui labore est culpa ut irure est.',5,'2024-12-02'),
(246,12,47,'Incididunt anim ad esse dolor sint. Officia ipsum amet voluptate lorem. Eu excepteur in amet lorem ipsum. Commodo amet commodo sed sunt dolor culpa tempor, nostrud qui consequat voluptate.',4,'2024-12-02'),
(247,11,48,'Mollit aliqua cillum irure exercitation. In anim amet sunt quis. Dolor nulla anim occaecat do veniam ad. Dolor labore tempor ad dolor eiusmod minim ex.',4,'2024-12-02'),
(248,19,48,'Ullamco tempor ea dolor. Adipiscing ullamco voluptate duis anim, commodo consequat laboris voluptate ut aute minim. In ut ea sed, labore in aliquip proident ullamco enim do. Reprehenderit nostrud deserunt labore quis qui elit aliqua.',2,'2024-12-02'),
(249,6,48,'Nostrud labore fugiat excepteur pariatur do nostrud mollit. Eiusmod labore qui ad. Exercitation officia deserunt reprehenderit veniam, fugiat voluptate veniam sunt, exercitation duis consectetur nulla enim sed occaecat nisi. Exercitation reprehenderit in culpa deserunt consectetur, occaecat eiusmod nostrud ut, irure voluptate proident voluptate adipiscing irure elit.',1,'2024-12-02'),
(250,12,48,'Lorem ex ullamco laborum eiusmod cupidatat pariatur sint. Cillum est qui officia. Veniam lorem nisi incididunt eiusmod proident sit.',3,'2024-12-02'),
(251,4,48,'Occaecat esse magna officia exercitation nulla, commodo enim dolore elit deserunt. Aliquip fugiat laborum aliqua sunt irure nisi. Ad consectetur consequat consectetur quis nisi ut, quis adipiscing deserunt reprehenderit proident.',5,'2024-12-02'),
(252,3,49,'Eu duis cillum occaecat tempor, cupidatat magna aliqua ullamco. Mollit consequat consequat ex, occaecat occaecat mollit et officia pariatur dolore magna. Ut nostrud ipsum dolore in aute sunt, incididunt ullamco est aliqua qui velit ad. Velit aliquip cupidatat non, amet exercitation dolor dolore. Duis enim mollit proident, sit aliqua est aute laborum do laboris irure.',3,'2024-12-02'),
(253,10,49,'Ea id deserunt elit dolor aliquip. Quis culpa pariatur excepteur. Commodo labore duis laborum ex. Laboris reprehenderit commodo enim esse occaecat. Eu commodo tempor amet, cillum proident mollit tempor ad non ipsum ullamco.',4,'2024-12-02'),
(254,3,49,'Elit incididunt sunt est mollit consequat ad et, aliqua do amet consectetur laboris est ipsum. Dolor sit ullamco reprehenderit aute labore velit. Eu nisi sint ipsum esse enim fugiat eiusmod.',3,'2024-12-02'),
(255,5,49,'Et id duis nostrud. Do ea qui aute aute amet exercitation, occaecat labore labore veniam ut eiusmod magna veniam. Excepteur est mollit ex quis veniam cupidatat.',2,'2024-12-02'),
(256,8,49,'Occaecat amet excepteur et sed commodo nisi. Aute ipsum exercitation deserunt nulla velit, ut nostrud commodo irure reprehenderit proident aute. Ipsum fugiat cillum lorem cillum adipiscing, sed dolore ad sunt enim aliqua ut. Dolor laboris fugiat excepteur labore minim sint.',5,'2024-12-02'),
(257,6,50,'Minim anim commodo sunt proident in amet incididunt. Ipsum excepteur tempor sit eu. Nisi ex ad consectetur lorem. Incididunt officia veniam proident. Nisi sint do veniam ut deserunt incididunt officia.',2,'2024-12-02'),
(258,17,50,'Pariatur occaecat minim consectetur. Do dolore dolore cupidatat. Eiusmod culpa sunt sed duis minim non veniam, ipsum nulla reprehenderit aliquip. Mollit amet id adipiscing et tempor eu.',4,'2024-12-02'),
(259,5,50,'Aliqua quis nulla ipsum occaecat consectetur, aliquip laboris proident aute. Laborum esse nisi deserunt fugiat do aliquip do. Ea ad in ea nulla eu. Elit ut dolore nisi, pariatur occaecat exercitation ut magna elit. Nostrud sunt sunt irure, dolore do laborum nostrud.',1,'2024-12-02'),
(260,2,50,'Do culpa commodo consectetur. Enim dolore enim exercitation dolor id ex aliquip, aliquip voluptate laboris ad non aliqua, aliquip do minim quis adipiscing et. Enim officia sit tempor anim sed aliquip nulla, ea ut ipsum minim. Ut ipsum ex dolore ipsum, occaecat ea ex duis voluptate. Cillum consequat nisi reprehenderit.',4,'2024-12-02'),
(261,16,50,'Ex adipiscing nulla mollit proident exercitation anim. Culpa aliqua incididunt laboris cupidatat. Consequat in dolor minim quis magna. Sunt ut occaecat elit mollit. Aliquip officia nostrud sint ea nulla ex.',2,'2024-12-02'),
(262,14,51,'Esse ut exercitation velit mollit voluptate duis. Sed excepteur veniam laborum eu voluptate pariatur non. Sint veniam culpa non labore in pariatur. Nisi sint sunt ipsum amet ad et labore, ut elit amet ad sed ipsum in officia, et excepteur eiusmod ullamco. Do ex aliqua fugiat voluptate irure ut.',5,'2024-12-02'),
(263,1,51,'Dolor culpa adipiscing nulla sit elit aute. Reprehenderit incididunt consectetur anim ipsum laboris. Et laborum ullamco et.',2,'2024-12-02'),
(264,15,51,'Sint dolor sed tempor reprehenderit ut. Sunt lorem qui est et. Aliqua elit cillum elit enim proident dolore.',1,'2024-12-02'),
(265,19,51,'Minim lorem sunt sint ut consectetur, cillum est mollit veniam consequat ea duis. Amet cillum elit dolor. Aliqua cupidatat consectetur qui.',4,'2024-12-02'),
(266,19,51,'Consectetur nulla adipiscing cupidatat veniam duis incididunt. Cupidatat non reprehenderit labore. Est id esse officia. Laborum eiusmod anim officia.',3,'2024-12-02'),
(267,10,52,'Reprehenderit sint ex do. Consectetur anim adipiscing cillum, aliqua occaecat elit laboris nulla. Eiusmod id amet sunt lorem proident irure. Sed adipiscing id dolor elit. Et ipsum aute anim ex.',5,'2024-12-02'),
(268,12,52,'Nulla sit ad qui sunt deserunt. Id lorem esse sint excepteur, laborum occaecat proident quis. Eiusmod culpa ipsum proident anim laboris deserunt, sed laboris anim consequat.',4,'2024-12-02'),
(269,10,52,'Commodo ea esse irure ipsum. Non minim nisi et qui commodo. Sit cillum ex commodo consectetur sunt.',5,'2024-12-02'),
(270,19,52,'Labore ipsum incididunt nostrud esse pariatur, velit elit dolore consequat nostrud anim commodo. Incididunt culpa do cupidatat sit dolor, sed aute pariatur consequat elit magna. Tempor deserunt aliquip id laborum sint. Et exercitation eu exercitation consectetur reprehenderit magna mollit.',4,'2024-12-02'),
(271,1,52,'Reprehenderit proident deserunt pariatur cupidatat nisi. Magna mollit fugiat minim anim in. Consequat mollit cupidatat deserunt ipsum. Aliqua pariatur culpa culpa, officia exercitation adipiscing duis occaecat culpa. Anim eu ea veniam.',4,'2024-12-02'),
(272,5,53,'Et ipsum voluptate nulla minim tempor culpa. Adipiscing irure proident adipiscing culpa magna laborum. Ea mollit consectetur consectetur aute consectetur quis. Eiusmod velit laborum eu id esse.',2,'2024-12-02'),
(273,4,53,'Adipiscing cillum irure minim. Nostrud amet do ea culpa et minim eu, fugiat dolor elit cupidatat mollit. Amet culpa aute occaecat sunt ipsum labore nisi, aliquip nulla laborum ad incididunt enim ea. Aliqua duis laboris magna non sed velit ex.',5,'2024-12-02'),
(274,7,53,'Reprehenderit cupidatat ut velit esse nisi incididunt dolore. Velit mollit et ullamco ad do. Nulla mollit occaecat exercitation consequat esse.',4,'2024-12-02'),
(275,9,53,'Irure quis in non ut commodo. Ex quis sunt sed officia. Esse laboris deserunt labore quis veniam id.',2,'2024-12-02'),
(276,6,53,'Anim consequat minim voluptate. Nisi magna sunt enim dolor. Officia velit occaecat nulla aliquip, pariatur ut eu deserunt et amet ea qui. Sint esse amet commodo dolore. Dolore reprehenderit elit anim, lorem veniam incididunt enim, ipsum amet qui incididunt.',4,'2024-12-02'),
(277,17,54,'Dolore id amet aliquip quis non in. Incididunt proident aliqua do excepteur, qui aliqua quis laborum velit amet velit. Qui adipiscing culpa cillum.',2,'2024-12-02'),
(278,1,54,'Tempor sunt dolore enim est deserunt elit. Anim sit non mollit, do exercitation in officia labore ea. Cupidatat sit veniam sunt nisi sunt lorem dolor, nostrud ad cupidatat fugiat lorem sed. Est sed pariatur sunt id qui reprehenderit velit.',5,'2024-12-02'),
(279,14,54,'Aliqua commodo tempor dolor occaecat ad aliquip, aliqua enim est duis do sed ipsum. Consectetur aute incididunt qui ullamco. Labore deserunt sed nulla ad est sit consectetur, aliqua magna labore anim laboris eiusmod pariatur, magna labore reprehenderit sunt eu ex ullamco consequat. Consequat cupidatat duis sit mollit et nulla. Est officia eu aute duis veniam, ullamco incididunt pariatur proident pariatur sit.',1,'2024-12-02'),
(280,1,54,'Non consequat cupidatat veniam ut. Incididunt eu exercitation lorem est et sed, ut elit aute fugiat mollit consectetur. Et sit ullamco ad officia anim ea dolor.',3,'2024-12-02'),
(281,15,54,'Elit aliquip sint ad lorem, aliqua eu sint et ea est minim. Nulla nostrud nisi fugiat. Aliqua esse veniam est. Et dolore occaecat sunt ex ex. Laboris excepteur sed ex reprehenderit occaecat eu, non excepteur lorem deserunt, eiusmod excepteur ea est minim laboris.',4,'2024-12-02'),
(282,5,55,'Excepteur proident sint cupidatat nostrud nulla cillum in. Excepteur esse mollit non. Irure consequat dolore id laborum, esse pariatur dolore commodo proident, occaecat non excepteur velit elit fugiat.',1,'2024-12-02'),
(283,5,55,'Deserunt sed dolor cupidatat nostrud quis, non exercitation pariatur cupidatat dolor sunt aute exercitation, sint culpa aute anim aute consectetur nulla. Id sed officia sit ea velit. Reprehenderit commodo anim occaecat, dolore magna ex labore ullamco sunt excepteur, id fugiat excepteur ipsum anim. Deserunt consectetur non irure qui mollit. Anim fugiat anim commodo deserunt.',5,'2024-12-02'),
(284,20,55,'Officia adipiscing non eu ut. Laborum qui aliquip commodo ad fugiat. Ex fugiat commodo deserunt laboris officia.',1,'2024-12-02'),
(285,15,55,'Aliquip consectetur quis non fugiat adipiscing cupidatat non. Occaecat et ex sed, ullamco incididunt ex id. Adipiscing sint ipsum ullamco sunt occaecat esse. Velit ad cillum cupidatat esse velit laboris eu. Aliqua sunt do culpa dolor voluptate.',2,'2024-12-02'),
(286,14,55,'Proident qui labore labore irure lorem. Adipiscing reprehenderit ea duis culpa. Est proident dolore magna reprehenderit et reprehenderit ipsum, et nisi cupidatat dolore quis cillum elit.',3,'2024-12-02'),
(287,14,56,'Nostrud eu commodo sint quis aliquip est. Officia duis officia cupidatat minim aute do, deserunt ut cillum consectetur enim non laboris. Esse non deserunt in minim reprehenderit est.',1,'2024-12-02'),
(288,13,56,'Ipsum dolore sed nostrud ea culpa, tempor veniam laborum aliqua duis, duis ullamco laboris cupidatat tempor reprehenderit amet. Id quis tempor minim. Irure non laborum excepteur mollit, nulla pariatur id elit nostrud et. Aliquip magna exercitation deserunt laborum aute, deserunt aute officia fugiat consectetur, ut elit aute velit labore esse lorem reprehenderit. Id in reprehenderit sunt cupidatat et.',1,'2024-12-02'),
(289,16,56,'Laboris dolore dolore do ipsum ad, amet proident tempor velit sit aliqua. Et irure irure tempor aliqua aliquip dolore occaecat. Occaecat pariatur sunt ipsum in sed laborum aliqua. Excepteur quis quis eiusmod laboris minim.',1,'2024-12-02'),
(290,3,56,'Velit sed duis consectetur ea in eiusmod. Exercitation occaecat ex esse mollit qui non, incididunt dolor exercitation magna ex duis labore nisi, ut labore duis enim velit duis eiusmod esse. Dolore tempor minim cillum. Velit excepteur mollit deserunt nulla anim occaecat elit, amet adipiscing est voluptate nostrud, ipsum eu eiusmod elit do id deserunt. Labore et dolor minim tempor labore quis culpa, fugiat incididunt ex ex.',4,'2024-12-02'),
(291,11,56,'Do aliquip sed enim cupidatat nostrud eu ut. Do voluptate ex ipsum anim voluptate ex sed, commodo quis nulla ea ullamco lorem. Dolor quis sunt id dolore velit.',5,'2024-12-02'),
(292,6,57,'In magna officia commodo do sint. Tempor elit irure cillum esse labore ea ad. Enim ad fugiat amet incididunt, magna labore enim labore magna. Non ea consequat cupidatat non sed. Velit reprehenderit ad adipiscing labore fugiat commodo.',3,'2024-12-02'),
(293,11,57,'Commodo nostrud ea irure in nulla eiusmod cillum. Ut incididunt cillum aute proident, duis amet anim cupidatat aliquip consequat. Commodo in excepteur amet nostrud.',4,'2024-12-02'),
(294,4,57,'Ea consequat nulla qui enim dolore consequat minim. Culpa deserunt enim enim voluptate in, consectetur proident sint voluptate officia incididunt eu. Nulla id magna culpa pariatur aliqua, dolor ullamco quis dolor laborum sit. Esse dolor anim quis aliqua dolor minim.',5,'2024-12-02'),
(295,6,57,'Id ad labore ipsum minim quis cupidatat. Mollit ex consequat aliqua sit laborum, et laborum pariatur nisi consectetur incididunt. Et mollit cupidatat minim mollit. Laboris laborum ipsum reprehenderit nostrud velit.',5,'2024-12-02'),
(296,16,57,'Sunt et veniam adipiscing. Pariatur culpa cillum ut laborum, veniam aute sed amet exercitation nisi sunt incididunt, commodo pariatur qui sit et ut sed. Aliquip ea ipsum ipsum. Sunt tempor ad est ea eu in irure.',2,'2024-12-02'),
(297,18,58,'Tempor ut veniam consectetur. Laboris occaecat deserunt occaecat aliquip. Labore eiusmod anim adipiscing quis, aliqua consequat esse eiusmod, laborum aute amet dolore consectetur. Qui consequat aliqua ex minim sit. Lorem commodo ut nostrud reprehenderit enim.',3,'2024-12-02'),
(298,7,58,'Sint mollit do minim sint sit. Est aute irure consequat reprehenderit. Quis qui ea sint qui cupidatat reprehenderit, officia cupidatat eu occaecat qui labore.',1,'2024-12-02'),
(299,6,58,'Reprehenderit lorem amet cillum laborum cupidatat fugiat. Consectetur pariatur culpa tempor enim qui irure, consectetur magna pariatur tempor id nisi non anim. Laborum velit excepteur nulla.',1,'2024-12-02'),
(300,20,58,'Aliqua nostrud ullamco aliquip, anim fugiat labore anim quis tempor tempor eu, officia velit cillum duis ex consectetur. Sunt consectetur sunt cupidatat in culpa ullamco id. In non sit eiusmod, veniam commodo laboris ut. In sit cillum aliqua cillum reprehenderit.',4,'2024-12-02'),
(301,12,58,'Consequat non cupidatat aliqua culpa ea, deserunt consequat sed nisi nostrud magna elit ipsum, reprehenderit dolore voluptate sint sint proident elit commodo. Nisi officia quis quis, proident irure sed pariatur do dolore deserunt irure. Reprehenderit esse excepteur consectetur nisi. Excepteur qui lorem excepteur aliqua laborum.',2,'2024-12-02'),
(302,18,59,'Minim aliqua sunt sit proident, sunt laborum sed sint commodo commodo sint duis. Dolor aute dolor tempor consectetur. Culpa fugiat deserunt sit nisi aliquip, voluptate reprehenderit veniam eiusmod, tempor sint enim cillum. Nostrud nostrud adipiscing do.',5,'2024-12-02'),
(303,1,59,'Culpa ea qui culpa mollit aliquip commodo, laboris esse amet et veniam dolore exercitation cupidatat. Sed exercitation ex quis consequat cupidatat duis eu. Ex lorem enim sint consequat. Cillum sint aute qui sunt ea dolor consequat. Non nisi est officia voluptate ad velit ad.',4,'2024-12-02'),
(304,15,59,'Velit laboris irure nostrud. Fugiat pariatur ullamco quis sunt eu sint. Et proident nulla aute nostrud quis elit. Nostrud nostrud voluptate occaecat laboris, adipiscing eu veniam id.',2,'2024-12-02'),
(305,20,59,'Ex qui esse ex duis. Culpa nostrud ea do anim ut nisi. Sed non incididunt enim qui ullamco aliqua deserunt. Excepteur ea reprehenderit sint nostrud deserunt elit, commodo exercitation adipiscing est culpa, proident sunt ipsum sunt adipiscing ut. Consectetur adipiscing aliquip enim excepteur.',2,'2024-12-02'),
(306,1,59,'Eiusmod ea est veniam tempor nostrud tempor tempor. Fugiat esse adipiscing consectetur eiusmod exercitation incididunt sit, sunt cillum sed mollit amet, ut nulla non dolor. Et id ea lorem in cupidatat. Consectetur in esse duis ad eu.',2,'2024-12-02');
/*!40000 ALTER TABLE `reviews` ENABLE KEYS */;
UNLOCK TABLES;

--
-- Table structure for table `users`
--

DROP TABLE IF EXISTS `users`;
/*!40101 SET @saved_cs_client     = @@character_set_client */;
/*!40101 SET character_set_client = utf8 */;
CREATE TABLE `users` (
  `id` int(11) NOT NULL AUTO_INCREMENT,
  `name` varchar(255) NOT NULL,
  `email` varchar(255) NOT NULL,
  `role` enum('ADMIN','USER') NOT NULL DEFAULT 'USER',
  `password_hash` varchar(255) DEFAULT NULL,
  PRIMARY KEY (`id`),
  UNIQUE KEY `email` (`email`)
) ENGINE=InnoDB AUTO_INCREMENT=28 DEFAULT CHARSET=utf8mb4 COLLATE=utf8mb4_unicode_ci;
/*!40101 SET character_set_client = @saved_cs_client */;

--
-- Dumping data for table `users`
--

LOCK TABLES `users` WRITE;
/*!40000 ALTER TABLE `users` DISABLE KEYS */;
INSERT INTO `users` VALUES
(1,'Quang Thang','admin@example.com','ADMIN','$2a$10$pYcuOh.6ED0aSzEukizzp.n6mtrw6IoIvA1S1er3n/r3ZnJRalpFi'),
(2,'Paul','user@example.com','USER','$2a$10$CEdpscJ9pWzezFf8HC3gvuTLCXlistoLwje7Pc9AxFpAT9Xw8BvvS'),
(3,'John Smith','john.smith@example.com','USER','$2a$10$CEdpscJ9pWzezFf8HC3gvuTLCXlistoLwje7Pc9AxFpAT9Xw8BvvS'),
(4,'Jane Doe','jane.doe@example.com','USER','$2a$10$CEdpscJ9pWzezFf8HC3gvuTLCXlistoLwje7Pc9AxFpAT9Xw8BvvS'),
(5,'Michael Johnson','michael.johnson@example.com','USER','$2a$10$CEdpscJ9pWzezFf8HC3gvuTLCXlistoLwje7Pc9AxFpAT9Xw8BvvS'),
(6,'Emily Davis','emily.davis@example.com','USER','$2a$10$CEdpscJ9pWzezFf8HC3gvuTLCXlistoLwje7Pc9AxFpAT9Xw8BvvS'),
(7,'Daniel Brown','daniel.brown@example.com','USER','$2a$10$CEdpscJ9pWzezFf8HC3gvuTLCXlistoLwje7Pc9AxFpAT9Xw8BvvS'),
(8,'Sarah Wilson','sarah.wilson@example.com','USER','$2a$10$CEdpscJ9pWzezFf8HC3gvuTLCXlistoLwje7Pc9AxFpAT9Xw8BvvS'),
(9,'David Miller','david.miller@example.com','USER','$2a$10$CEdpscJ9pWzezFf8HC3gvuTLCXlistoLwje7Pc9AxFpAT9Xw8BvvS'),
(10,'Sophia Taylor','sophia.taylor@example.com','USER','$2a$10$CEdpscJ9pWzezFf8HC3gvuTLCXlistoLwje7Pc9AxFpAT9Xw8BvvS'),
(11,'James Anderson','james.anderson@example.com','USER','$2a$10$CEdpscJ9pWzezFf8HC3gvuTLCXlistoLwje7Pc9AxFpAT9Xw8BvvS'),
(12,'Olivia Thomas','olivia.thomas@example.com','USER','$2a$10$CEdpscJ9pWzezFf8HC3gvuTLCXlistoLwje7Pc9AxFpAT9Xw8BvvS'),
(13,'Matthew Martinez','matthew.martinez@example.com','USER','$2a$10$CEdpscJ9pWzezFf8HC3gvuTLCXlistoLwje7Pc9AxFpAT9Xw8BvvS'),
(14,'Isabella Garcia','isabella.garcia@example.com','USER','$2a$10$CEdpscJ9pWzezFf8HC3gvuTLCXlistoLwje7Pc9AxFpAT9Xw8BvvS'),
(15,'Christopher Hernandez','christopher.hernandez@example.com','USER','$2a$10$CEdpscJ9pWzezFf8HC3gvuTLCXlistoLwje7Pc9AxFpAT9Xw8BvvS'),
(16,'Mia Robinson','mia.robinson@example.com','USER','$2a$10$CEdpscJ9pWzezFf8HC3gvuTLCXlistoLwje7Pc9AxFpAT9Xw8BvvS'),
(17,'Andrew Clark','andrew.clark@example.com','USER','$2a$10$CEdpscJ9pWzezFf8HC3gvuTLCXlistoLwje7Pc9AxFpAT9Xw8BvvS'),
(18,'Amelia Lewis','amelia.lewis@example.com','USER','$2a$10$CEdpscJ9pWzezFf8HC3gvuTLCXlistoLwje7Pc9AxFpAT9Xw8BvvS'),
(19,'Joshua Lee','joshua.lee@example.com','USER','$2a$10$CEdpscJ9pWzezFf8HC3gvuTLCXlistoLwje7Pc9AxFpAT9Xw8BvvS'),
(20,'Charlotte Walker','charlotte.walker@example.com','USER','$2a$10$CEdpscJ9pWzezFf8HC3gvuTLCXlistoLwje7Pc9AxFpAT9Xw8BvvS'),
(21,'Ryan Hall','ryan.hall@example.com','USER','$2a$10$CEdpscJ9pWzezFf8HC3gvuTLCXlistoLwje7Pc9AxFpAT9Xw8BvvS'),
(22,'Ella Allen','ella.allen@example.com','USER','$2a$10$CEdpscJ9pWzezFf8HC3gvuTLCXlistoLwje7Pc9AxFpAT9Xw8BvvS'),
(23,'Ethan Young','ethan.young@example.com','USER','$2a$10$CEdpscJ9pWzezFf8HC3gvuTLCXlistoLwje7Pc9AxFpAT9Xw8BvvS'),
(24,'Grace King','grace.king@example.com','USER','$2a$10$CEdpscJ9pWzezFf8HC3gvuTLCXlistoLwje7Pc9AxFpAT9Xw8BvvS'),
(25,'Benjamin Wright','benjamin.wright@example.com','USER','$2a$10$CEdpscJ9pWzezFf8HC3gvuTLCXlistoLwje7Pc9AxFpAT9Xw8BvvS'),
(26,'Hannah Scott','hannah.scott@example.com','USER','$2a$10$CEdpscJ9pWzezFf8HC3gvuTLCXlistoLwje7Pc9AxFpAT9Xw8BvvS'),
(27,'Jacob Green','jacob.green@example.com','USER','$2a$10$CEdpscJ9pWzezFf8HC3gvuTLCXlistoLwje7Pc9AxFpAT9Xw8BvvS');
/*!40000 ALTER TABLE `users` ENABLE KEYS */;
UNLOCK TABLES;
/*!40103 SET TIME_ZONE=@OLD_TIME_ZONE */;

/*!40101 SET SQL_MODE=@OLD_SQL_MODE */;
/*!40014 SET FOREIGN_KEY_CHECKS=@OLD_FOREIGN_KEY_CHECKS */;
/*!40014 SET UNIQUE_CHECKS=@OLD_UNIQUE_CHECKS */;
/*!40101 SET CHARACTER_SET_CLIENT=@OLD_CHARACTER_SET_CLIENT */;
/*!40101 SET CHARACTER_SET_RESULTS=@OLD_CHARACTER_SET_RESULTS */;
/*!40101 SET COLLATION_CONNECTION=@OLD_COLLATION_CONNECTION */;
/*!40111 SET SQL_NOTES=@OLD_SQL_NOTES */;

-- Dump completed on 2024-12-02  0:10:49
